Charging event,User ID,CP ID,Connector,Start Date,Start Time,End Date,End Time,Total kWh,Site,Model
1476622,User 643,70208,1,04/01/2016,08:02,04/01/2016,12:36,12.23,Elland Road Park and Ride,APT 7kW Dual Outlet
1476639,User 636,70205,1,04/01/2016,08:15,04/01/2016,17:36,14.27,Elland Road Park and Ride,APT 7kW Dual Outlet
1476776,User 38,70206,1,04/01/2016,09:45,04/01/2016,12:46,11.27,Elland Road Park and Ride,APT 7kW Dual Outlet
1477992,User 106,70202,1,05/01/2016,07:10,05/01/2016,17:46,6.3,Woodhouse Lane Car Park,APT 7kW Dual Outlet
1478003,User 84,70207,1,05/01/2016,07:18,05/01/2016,15:50,9.86,Elland Road Park and Ride,APT 7kW Dual Outlet
1478045,User 636,70206,1,05/01/2016,07:51,05/01/2016,17:27,19.71,Elland Road Park and Ride,APT 7kW Dual Outlet
1478065,User 44,70204,2,05/01/2016,08:03,05/01/2016,12:24,0,Woodhouse Lane Car Park,APT 7kW Dual Outlet
1478126,User 643,70208,1,05/01/2016,08:34,05/01/2016,17:46,11.53,Elland Road Park and Ride,APT 7kW Dual Outlet
1479535,User 121,70207,1,06/01/2016,07:00,06/01/2016,07:00,0,Elland Road Park and Ride,APT 7kW Dual Outlet
1479540,User 121,70207,2,06/01/2016,07:03,06/01/2016,16:01,9.72,Elland Road Park and Ride,APT 7kW Dual Outlet
1479562,User 106,70202,1,06/01/2016,07:07,06/01/2016,17:55,6.57,Woodhouse Lane Car Park,APT 7kW Dual Outlet
1479577,User 84,70208,1,06/01/2016,07:17,06/01/2016,15:50,6.34,Elland Road Park and Ride,APT 7kW Dual Outlet
1479689,User 643,70206,1,06/01/2016,08:38,06/01/2016,08:38,0,Elland Road Park and Ride,APT 7kW Dual Outlet
1479692,User 643,70206,2,06/01/2016,08:39,,,,Elland Road Park and Ride,APT 7kW Dual Outlet
1479705,User 643,70208,2,06/01/2016,08:43,06/01/2016,08:43,0,Elland Road Park and Ride,APT 7kW Dual Outlet
1479708,User 643,70208,2,06/01/2016,08:44,06/01/2016,17:40,1.84,Elland Road Park and Ride,APT 7kW Dual Outlet
1479734,User 636,70206,1,06/01/2016,08:51,06/01/2016,17:37,-12.73,Elland Road Park and Ride,APT 7kW Dual Outlet
1480654,User 84,70208,1,06/01/2016,15:50,06/01/2016,15:51,0,Elland Road Park and Ride,APT 7kW Dual Outlet
1481278,User 121,70207,2,07/01/2016,06:55,07/01/2016,15:35,9.2,Elland Road Park and Ride,APT 7kW Dual Outlet
1481354,User 121,70206,1,07/01/2016,06:52,07/01/2016,06:52,0,Elland Road Park and Ride,APT 7kW Dual Outlet
1481355,User 84,70206,1,07/01/2016,07:21,07/01/2016,16:12,13.79,Elland Road Park and Ride,APT 7kW Dual Outlet
1481359,User 636,70205,1,07/01/2016,07:44,07/01/2016,17:26,18.91,Elland Road Park and Ride,APT 7kW Dual Outlet
1481444,User 643,70208,1,07/01/2016,08:33,07/01/2016,17:34,14.24,Elland Road Park and Ride,APT 7kW Dual Outlet
1482087,User 44,70204,2,07/01/2016,13:47,07/01/2016,17:03,0,Woodhouse Lane Car Park,APT 7kW Dual Outlet
1483224,User 106,70202,1,08/01/2016,07:13,08/01/2016,15:18,5.38,Woodhouse Lane Car Park,APT 7kW Dual Outlet
1483316,User 643,70208,1,08/01/2016,08:21,08/01/2016,17:33,11.45,Elland Road Park and Ride,APT 7kW Dual Outlet
1487454,User 636,70206,1,11/01/2016,07:50,11/01/2016,16:18,20.14,Elland Road Park and Ride,APT 7kW Dual Outlet
1487543,User 643,70208,1,11/01/2016,08:40,11/01/2016,17:34,11.27,Elland Road Park and Ride,APT 7kW Dual Outlet
1489272,User 84,70206,1,12/01/2016,07:14,12/01/2016,15:50,14.48,Elland Road Park and Ride,APT 7kW Dual Outlet
1489310,User 636,70205,1,12/01/2016,07:42,12/01/2016,17:33,20.83,Elland Road Park and Ride,APT 7kW Dual Outlet
1489395,User 643,70208,1,12/01/2016,08:27,12/01/2016,08:28,0,Elland Road Park and Ride,APT 7kW Dual Outlet
1489401,User 643,70208,1,12/01/2016,08:29,12/01/2016,17:35,11.41,Elland Road Park and Ride,APT 7kW Dual Outlet
1490245,User 44,70204,2,12/01/2016,14:27,12/01/2016,16:49,0,Woodhouse Lane Car Park,APT 7kW Dual Outlet
1492885,User 636,70205,1,14/01/2016,06:52,14/01/2016,17:22,15.86,Elland Road Park and Ride,APT 7kW Dual Outlet
1492959,User 84,70206,1,14/01/2016,07:14,14/01/2016,15:53,14.9,Elland Road Park and Ride,APT 7kW Dual Outlet
1493077,User 44,70204,1,14/01/2016,08:32,14/01/2016,15:44,0,Woodhouse Lane Car Park,APT 7kW Dual Outlet
1497284,User 646,70208,1,16/01/2016,16:24,16/01/2016,16:33,0.38,Elland Road Park and Ride,APT 7kW Dual Outlet
1499001,User 643,70208,2,18/01/2016,08:43,18/01/2016,08:48,0,Elland Road Park and Ride,APT 7kW Dual Outlet
1499019,User 111,70205,2,18/01/2016,08:46,18/01/2016,17:23,33.27,Elland Road Park and Ride,APT 7kW Dual Outlet
1499030,User 643,70208,1,18/01/2016,08:49,18/01/2016,08:50,0,Elland Road Park and Ride,APT 7kW Dual Outlet
1499032,User 643,70207,1,18/01/2016,08:52,18/01/2016,08:53,0,Elland Road Park and Ride,APT 7kW Dual Outlet
1499036,User 643,70207,2,18/01/2016,08:53,18/01/2016,08:55,0,Elland Road Park and Ride,APT 7kW Dual Outlet
1499228,User 636,70206,1,18/01/2016,10:47,18/01/2016,17:05,8.47,Elland Road Park and Ride,APT 7kW Dual Outlet
1500597,User 121,70206,2,19/01/2016,06:56,19/01/2016,06:56,0,Elland Road Park and Ride,APT 7kW Dual Outlet
1500600,User 121,70206,2,19/01/2016,06:57,19/01/2016,15:58,0,Elland Road Park and Ride,APT 7kW Dual Outlet
1500661,User 84,70206,1,19/01/2016,07:19,19/01/2016,15:50,7.83,Elland Road Park and Ride,APT 7kW Dual Outlet
1500667,User 106,70202,1,19/01/2016,07:23,,,,Woodhouse Lane Car Park,APT 7kW Dual Outlet
1500772,User 643,70208,1,19/01/2016,08:22,19/01/2016,08:23,0,Elland Road Park and Ride,APT 7kW Dual Outlet
1500777,User 643,70208,2,19/01/2016,08:24,19/01/2016,08:25,0,Elland Road Park and Ride,APT 7kW Dual Outlet
1500781,User 636,70205,2,19/01/2016,08:26,19/01/2016,17:07,19.16,Elland Road Park and Ride,APT 7kW Dual Outlet
1501159,User 44,70204,2,19/01/2016,12:05,19/01/2016,16:19,0,Woodhouse Lane Car Park,APT 7kW Dual Outlet
1502586,User 636,70206,1,20/01/2016,07:45,20/01/2016,12:57,15.97,Elland Road Park and Ride,APT 7kW Dual Outlet
1502716,User 646,70208,1,20/01/2016,08:49,20/01/2016,16:34,8.22,Elland Road Park and Ride,APT 7kW Dual Outlet
1504392,User 84,70206,1,21/01/2016,07:21,21/01/2016,15:50,15.43,Elland Road Park and Ride,APT 7kW Dual Outlet
1504454,User 636,70206,2,21/01/2016,08:07,21/01/2016,16:58,19.95,Elland Road Park and Ride,APT 7kW Dual Outlet
1504553,User 643,70208,1,21/01/2016,08:52,21/01/2016,08:52,0,Elland Road Park and Ride,APT 7kW Dual Outlet
1506261,User 106,70201,1,22/01/2016,07:12,22/01/2016,16:35,0,Woodhouse Lane Car Park,APT 7kW Dual Outlet
1506265,User 84,70206,1,22/01/2016,07:14,22/01/2016,15:58,12.15,Elland Road Park and Ride,APT 7kW Dual Outlet
1506353,User 643,70206,2,22/01/2016,08:18,22/01/2016,08:18,0,Elland Road Park and Ride,APT 7kW Dual Outlet
1506358,User 643,70207,1,22/01/2016,08:20,22/01/2016,17:43,10.62,Elland Road Park and Ride,APT 7kW Dual Outlet
1510256,User 84,70206,1,25/01/2016,07:14,25/01/2016,15:50,10.32,Elland Road Park and Ride,APT 7kW Dual Outlet
1510262,User 106,70202,2,25/01/2016,07:21,25/01/2016,17:37,5.84,Woodhouse Lane Car Park,APT 7kW Dual Outlet
1510332,User 44,70204,2,25/01/2016,08:08,25/01/2016,16:02,0,Woodhouse Lane Car Park,APT 7kW Dual Outlet
1510397,User 643,70207,1,25/01/2016,08:42,25/01/2016,17:32,9.78,Elland Road Park and Ride,APT 7kW Dual Outlet
1511951,User 106,70201,1,26/01/2016,07:26,26/01/2016,17:26,0,Woodhouse Lane Car Park,APT 7kW Dual Outlet
1511976,User 636,70206,1,26/01/2016,07:45,26/01/2016,09:29,11.38,Elland Road Park and Ride,APT 7kW Dual Outlet
1512036,User 643,70207,1,26/01/2016,08:25,26/01/2016,17:33,9.66,Elland Road Park and Ride,APT 7kW Dual Outlet
1513728,User 106,70202,1,27/01/2016,07:13,27/01/2016,14:53,6.13,Woodhouse Lane Car Park,APT 7kW Dual Outlet
1513731,User 84,70206,1,27/01/2016,07:15,27/01/2016,16:02,12.54,Elland Road Park and Ride,APT 7kW Dual Outlet
1513817,User 636,70205,1,27/01/2016,08:08,27/01/2016,17:30,14.17,Elland Road Park and Ride,APT 7kW Dual Outlet
1513871,User 646,70208,1,27/01/2016,08:40,27/01/2016,16:28,6.77,Elland Road Park and Ride,APT 7kW Dual Outlet
1513876,User 643,70207,1,27/01/2016,08:41,27/01/2016,17:34,10.17,Elland Road Park and Ride,APT 7kW Dual Outlet
1514067,User 108,70207,2,27/01/2016,10:26,27/01/2016,11:38,7.9,Elland Road Park and Ride,APT 7kW Dual Outlet
1514274,User 55,70205,2,27/01/2016,12:41,27/01/2016,14:57,4.09,Elland Road Park and Ride,APT 7kW Dual Outlet
1517546,User 84,70206,1,29/01/2016,07:17,29/01/2016,08:47,5.53,Elland Road Park and Ride,APT 7kW Dual Outlet
1517573,User 643,70207,1,29/01/2016,07:45,29/01/2016,17:52,11.53,Elland Road Park and Ride,APT 7kW Dual Outlet
1517621,User 111,70205,2,29/01/2016,08:13,29/01/2016,18:20,39.18,Elland Road Park and Ride,APT 7kW Dual Outlet
1517834,User 647,70208,1,29/01/2016,09:49,29/01/2016,10:21,1.43,Elland Road Park and Ride,APT 7kW Dual Outlet
1520220,User 631,70206,1,30/01/2016,15:24,30/01/2016,17:59,16.98,Elland Road Park and Ride,APT 7kW Dual Outlet
1520310,User 64,70201,2,30/01/2016,16:36,30/01/2016,19:38,0,Woodhouse Lane Car Park,APT 7kW Dual Outlet
1521842,User 84,70208,1,01/02/2016,07:11,01/02/2016,10:27,6.73,Elland Road Park and Ride,APT 7kW Dual Outlet
1521852,User 106,70201,1,01/02/2016,07:20,01/02/2016,16:56,0,Woodhouse Lane Car Park,APT 7kW Dual Outlet
1521877,User 645,70206,1,01/02/2016,07:45,01/02/2016,17:48,-66.19,Elland Road Park and Ride,APT 7kW Dual Outlet
1521931,User 636,70205,1,01/02/2016,08:18,01/02/2016,17:21,13.85,Elland Road Park and Ride,APT 7kW Dual Outlet
1522739,User 84,70208,1,01/02/2016,14:08,01/02/2016,15:26,4.83,Elland Road Park and Ride,APT 7kW Dual Outlet
1523538,User 84,70208,1,02/02/2016,07:13,02/02/2016,15:54,7.03,Elland Road Park and Ride,APT 7kW Dual Outlet
1523596,User 636,70205,1,02/02/2016,07:59,02/02/2016,17:14,11.43,Elland Road Park and Ride,APT 7kW Dual Outlet
1523973,User 58,70206,1,02/02/2016,11:53,02/02/2016,15:03,7.65,Elland Road Park and Ride,APT 7kW Dual Outlet
1525356,User 636,70205,1,03/02/2016,07:31,03/02/2016,14:00,20.46,Elland Road Park and Ride,APT 7kW Dual Outlet
1525380,User 645,70206,1,03/02/2016,07:48,03/02/2016,17:26,5.93,Elland Road Park and Ride,APT 7kW Dual Outlet
1525689,User 98,70207,2,03/02/2016,10:39,03/02/2016,11:01,1.24,Elland Road Park and Ride,APT 7kW Dual Outlet
1526277,User 98,70207,2,03/02/2016,13:30,03/02/2016,14:14,2.47,Elland Road Park and Ride,APT 7kW Dual Outlet
1527194,User 121,70206,2,04/02/2016,06:45,04/02/2016,10:12,9.15,Elland Road Park and Ride,APT 7kW Dual Outlet
1527312,User 645,70206,1,04/02/2016,07:55,04/02/2016,17:55,5.22,Elland Road Park and Ride,APT 7kW Dual Outlet
1527484,User 636,70205,1,04/02/2016,09:11,04/02/2016,17:03,18.82,Elland Road Park and Ride,APT 7kW Dual Outlet
1529249,User 84,70208,1,05/02/2016,07:15,05/02/2016,15:48,10.67,Elland Road Park and Ride,APT 7kW Dual Outlet
1529500,User 647,70206,1,05/02/2016,09:23,05/02/2016,13:35,0,Elland Road Park and Ride,APT 7kW Dual Outlet
1533441,User 643,70207,1,08/02/2016,08:13,08/02/2016,19:11,0,Elland Road Park and Ride,APT 7kW Dual Outlet
1533463,User 636,70205,1,08/02/2016,08:27,08/02/2016,17:23,19.41,Elland Road Park and Ride,APT 7kW Dual Outlet
1533566,User 110,70205,2,08/02/2016,09:07,08/02/2016,17:52,33.55,Elland Road Park and Ride,APT 7kW Dual Outlet
1535328,User 84,70207,1,09/02/2016,07:13,09/02/2016,15:49,13.35,Elland Road Park and Ride,APT 7kW Dual Outlet
1535387,User 636,70205,1,09/02/2016,07:55,09/02/2016,17:38,19.7,Elland Road Park and Ride,APT 7kW Dual Outlet
1535498,User 646,70208,1,09/02/2016,08:46,09/02/2016,18:21,0,Elland Road Park and Ride,APT 7kW Dual Outlet
1535536,User 110,70205,2,09/02/2016,09:03,09/02/2016,18:01,-33.55,Elland Road Park and Ride,APT 7kW Dual Outlet
1537229,User 84,70207,1,10/02/2016,07:14,10/02/2016,15:52,6.47,Elland Road Park and Ride,APT 7kW Dual Outlet
1537279,User 636,70205,1,10/02/2016,07:36,10/02/2016,15:11,20.3,Elland Road Park and Ride,APT 7kW Dual Outlet
1537299,User 645,70206,1,10/02/2016,07:47,10/02/2016,18:19,5.5,Elland Road Park and Ride,APT 7kW Dual Outlet
1537372,User 643,70208,1,10/02/2016,08:15,10/02/2016,17:51,0,Elland Road Park and Ride,APT 7kW Dual Outlet
1538494,User 126,70207,1,10/02/2016,16:10,10/02/2016,16:25,1.8,Elland Road Park and Ride,APT 7kW Dual Outlet
1539324,User 84,70207,1,11/02/2016,07:24,11/02/2016,15:53,6.96,Elland Road Park and Ride,APT 7kW Dual Outlet
1539417,User 643,70208,1,11/02/2016,08:14,11/02/2016,08:14,0,Elland Road Park and Ride,APT 7kW Dual Outlet
1539419,User 643,70208,2,11/02/2016,08:15,11/02/2016,08:15,0,Elland Road Park and Ride,APT 7kW Dual Outlet
1539423,User 643,70207,2,11/02/2016,08:17,11/02/2016,18:11,12.5,Elland Road Park and Ride,APT 7kW Dual Outlet
1539671,User 636,70205,1,11/02/2016,10:25,11/02/2016,17:22,18,Elland Road Park and Ride,APT 7kW Dual Outlet
1541362,User 84,70208,2,12/02/2016,07:12,12/02/2016,09:55,7.3,Elland Road Park and Ride,APT 7kW Dual Outlet
1541462,User 643,70207,2,12/02/2016,08:19,12/02/2016,17:30,14.04,Elland Road Park and Ride,APT 7kW Dual Outlet
1541561,User 629,70208,1,12/02/2016,08:54,12/02/2016,09:58,0.65,Elland Road Park and Ride,APT 7kW Dual Outlet
1541671,User 84,70208,2,12/02/2016,09:56,12/02/2016,15:50,7.67,Elland Road Park and Ride,APT 7kW Dual Outlet
1543986,User 644,70208,1,13/02/2016,14:09,13/02/2016,16:06,11.34,Elland Road Park and Ride,APT 7kW Dual Outlet
1543989,User 648,70206,1,13/02/2016,14:11,13/02/2016,14:17,0,Elland Road Park and Ride,APT 7kW Dual Outlet
1544000,User 648,70206,1,13/02/2016,14:18,13/02/2016,14:27,0,Elland Road Park and Ride,APT 7kW Dual Outlet
1544018,User 648,70207,1,13/02/2016,14:31,13/02/2016,14:52,2.52,Elland Road Park and Ride,APT 7kW Dual Outlet
1546073,User 636,70206,1,15/02/2016,07:44,15/02/2016,17:27,15.01,Elland Road Park and Ride,APT 7kW Dual Outlet
1546138,User 646,70208,1,15/02/2016,08:29,15/02/2016,17:04,0,Elland Road Park and Ride,APT 7kW Dual Outlet
1546143,User 643,70207,1,15/02/2016,08:32,15/02/2016,08:32,0,Elland Road Park and Ride,APT 7kW Dual Outlet
1546147,User 643,70207,2,15/02/2016,08:33,15/02/2016,08:33,0,Elland Road Park and Ride,APT 7kW Dual Outlet
1546155,User 643,70206,2,15/02/2016,08:35,15/02/2016,08:35,0,Elland Road Park and Ride,APT 7kW Dual Outlet
1546162,User 643,70207,2,15/02/2016,08:38,15/02/2016,08:39,0,Elland Road Park and Ride,APT 7kW Dual Outlet
1546169,User 643,70207,1,15/02/2016,08:43,15/02/2016,08:43,0,Elland Road Park and Ride,APT 7kW Dual Outlet
1546181,User 643,70208,2,15/02/2016,08:45,15/02/2016,08:45,0,Elland Road Park and Ride,APT 7kW Dual Outlet
1546401,User 67,70207,1,15/02/2016,11:20,15/02/2016,16:37,8.85,Elland Road Park and Ride,APT 7kW Dual Outlet
1547071,User 18,70208,2,15/02/2016,15:54,15/02/2016,17:44,13.38,Elland Road Park and Ride,APT 7kW Dual Outlet
1547699,User 121,70207,1,16/02/2016,06:56,16/02/2016,16:04,10.68,Elland Road Park and Ride,APT 7kW Dual Outlet
1547751,User 645,70206,1,16/02/2016,07:28,16/02/2016,17:23,5.68,Elland Road Park and Ride,APT 7kW Dual Outlet
1547837,User 44,70204,2,16/02/2016,08:14,16/02/2016,13:14,0,Woodhouse Lane Car Park,APT 7kW Dual Outlet
1547855,User 636,70205,1,16/02/2016,08:23,16/02/2016,17:12,19.25,Elland Road Park and Ride,APT 7kW Dual Outlet
1547869,User 643,70208,2,16/02/2016,08:28,16/02/2016,08:29,0,Elland Road Park and Ride,APT 7kW Dual Outlet
1547870,User 643,70208,1,16/02/2016,08:30,16/02/2016,08:30,0,Elland Road Park and Ride,APT 7kW Dual Outlet
1547878,User 643,70207,2,16/02/2016,08:32,16/02/2016,08:33,0,Elland Road Park and Ride,APT 7kW Dual Outlet
1547880,User 643,70207,2,16/02/2016,08:33,16/02/2016,08:34,0,Elland Road Park and Ride,APT 7kW Dual Outlet
1547885,User 643,70207,2,16/02/2016,08:34,16/02/2016,08:35,0,Elland Road Park and Ride,APT 7kW Dual Outlet
1548015,User 646,70208,1,16/02/2016,09:23,16/02/2016,17:56,0,Elland Road Park and Ride,APT 7kW Dual Outlet
1548033,User 110,70205,2,16/02/2016,09:35,16/02/2016,18:05,32.59,Elland Road Park and Ride,APT 7kW Dual Outlet
1549484,User 121,70207,1,17/02/2016,06:45,17/02/2016,15:59,10.39,Elland Road Park and Ride,APT 7kW Dual Outlet
1549578,User 636,70205,1,17/02/2016,07:49,17/02/2016,17:17,18.93,Elland Road Park and Ride,APT 7kW Dual Outlet
1549602,User 44,70200,2,17/02/2016,08:06,17/02/2016,16:32,10.79,Woodhouse Lane Car Park,APT 7kW Dual Outlet
1549604,User 643,70208,2,17/02/2016,08:07,17/02/2016,08:08,0,Elland Road Park and Ride,APT 7kW Dual Outlet
1549617,User 643,70205,2,17/02/2016,08:13,17/02/2016,17:43,11.37,Elland Road Park and Ride,APT 7kW Dual Outlet
1549626,User 645,70206,1,17/02/2016,08:19,17/02/2016,16:54,5.53,Elland Road Park and Ride,APT 7kW Dual Outlet
1549750,User 110,70208,2,17/02/2016,09:18,17/02/2016,18:46,22.77,Elland Road Park and Ride,APT 7kW Dual Outlet
1551256,User 121,70207,1,18/02/2016,06:49,18/02/2016,16:02,10.12,Elland Road Park and Ride,APT 7kW Dual Outlet
1551329,User 636,70205,1,18/02/2016,07:39,18/02/2016,16:50,19.15,Elland Road Park and Ride,APT 7kW Dual Outlet
1551386,User 645,70206,1,18/02/2016,08:15,18/02/2016,17:43,-31.72,Elland Road Park and Ride,APT 7kW Dual Outlet
1551433,User 643,70205,2,18/02/2016,08:37,18/02/2016,17:43,13.39,Elland Road Park and Ride,APT 7kW Dual Outlet
1553116,User 106,70201,1,19/02/2016,07:22,19/02/2016,15:12,0,Woodhouse Lane Car Park,APT 7kW Dual Outlet
1553165,User 44,70203,1,19/02/2016,08:02,19/02/2016,15:55,0,Woodhouse Lane Car Park,APT 7kW Dual Outlet
1553167,User 643,70205,1,19/02/2016,08:03,19/02/2016,17:38,12.84,Elland Road Park and Ride,APT 7kW Dual Outlet
1553208,User 646,70208,1,19/02/2016,08:25,19/02/2016,16:34,6.12,Elland Road Park and Ride,APT 7kW Dual Outlet
1553345,User 636,70205,2,19/02/2016,09:42,19/02/2016,15:14,18.66,Elland Road Park and Ride,APT 7kW Dual Outlet
1556743,User 121,70207,1,22/02/2016,06:54,22/02/2016,15:58,10.48,Elland Road Park and Ride,APT 7kW Dual Outlet
1556775,User 84,70206,1,22/02/2016,07:12,22/02/2016,15:50,13.34,Elland Road Park and Ride,APT 7kW Dual Outlet
1556837,User 44,70200,2,22/02/2016,08:00,22/02/2016,13:18,9.25,Woodhouse Lane Car Park,APT 7kW Dual Outlet
1556875,User 643,70205,2,22/02/2016,08:21,22/02/2016,17:50,11.76,Elland Road Park and Ride,APT 7kW Dual Outlet
1558566,User 106,70202,1,23/02/2016,07:22,23/02/2016,15:22,7.68,Woodhouse Lane Car Park,APT 7kW Dual Outlet
1558748,User 636,70205,1,23/02/2016,08:54,23/02/2016,17:31,17.73,Elland Road Park and Ride,APT 7kW Dual Outlet
1559425,User 644,70206,1,23/02/2016,13:05,23/02/2016,16:46,-12.85,Elland Road Park and Ride,APT 7kW Dual Outlet
1560383,User 84,70206,1,24/02/2016,07:17,24/02/2016,15:50,6.35,Elland Road Park and Ride,APT 7kW Dual Outlet
1560420,User 636,70205,1,24/02/2016,07:43,24/02/2016,16:51,20.13,Elland Road Park and Ride,APT 7kW Dual Outlet
1560547,User 646,70208,2,24/02/2016,08:47,24/02/2016,18:01,7.07,Elland Road Park and Ride,APT 7kW Dual Outlet
1562603,User 646,70208,2,25/02/2016,09:58,25/02/2016,18:58,9.57,Elland Road Park and Ride,APT 7kW Dual Outlet
1562639,User 636,70206,1,25/02/2016,10:28,25/02/2016,17:23,7,Elland Road Park and Ride,APT 7kW Dual Outlet
1564438,User 84,70206,1,26/02/2016,07:16,26/02/2016,15:50,6.05,Elland Road Park and Ride,APT 7kW Dual Outlet
1564563,User 646,70208,1,26/02/2016,08:31,26/02/2016,17:03,7.5,Elland Road Park and Ride,APT 7kW Dual Outlet
1565465,User 55,70207,1,26/02/2016,14:05,26/02/2016,15:50,4.5,Elland Road Park and Ride,APT 7kW Dual Outlet
1565635,User 644,70206,1,26/02/2016,15:55,26/02/2016,21:04,20.78,Elland Road Park and Ride,APT 7kW Dual Outlet
1568797,User 84,70206,1,29/02/2016,07:15,29/02/2016,15:51,6.62,Elland Road Park and Ride,APT 7kW Dual Outlet
1568800,User 106,70200,1,29/02/2016,07:19,29/02/2016,16:44,6.76,Woodhouse Lane Car Park,APT 7kW Dual Outlet
1568812,User 645,70208,1,29/02/2016,07:21,29/02/2016,17:43,5.7,Elland Road Park and Ride,APT 7kW Dual Outlet
1570881,User 110,70205,1,01/03/2016,09:12,01/03/2016,18:16,34.92,Elland Road Park and Ride,APT 7kW Dual Outlet
1571065,User 636,70206,1,01/03/2016,11:05,01/03/2016,15:30,16.51,Elland Road Park and Ride,APT 7kW Dual Outlet
1572495,User 121,70207,1,02/03/2016,06:51,02/03/2016,16:04,10.57,Elland Road Park and Ride,APT 7kW Dual Outlet
1572546,User 84,70206,1,02/03/2016,07:17,02/03/2016,15:49,14.86,Elland Road Park and Ride,APT 7kW Dual Outlet
1572548,User 106,70201,1,02/03/2016,07:17,03/03/2016,07:40,0,Woodhouse Lane Car Park,APT 7kW Dual Outlet
1572665,User 643,70205,1,02/03/2016,08:32,02/03/2016,17:29,11.15,Elland Road Park and Ride,APT 7kW Dual Outlet
1572671,User 110,70205,2,02/03/2016,08:33,02/03/2016,17:50,24.62,Elland Road Park and Ride,APT 7kW Dual Outlet
1574565,User 636,70206,1,03/03/2016,08:17,03/03/2016,18:26,17.62,Elland Road Park and Ride,APT 7kW Dual Outlet
1574570,User 643,70205,1,03/03/2016,08:20,03/03/2016,17:30,12.97,Elland Road Park and Ride,APT 7kW Dual Outlet
1576461,User 84,70206,1,04/03/2016,07:12,04/03/2016,15:49,16.38,Elland Road Park and Ride,APT 7kW Dual Outlet
1576654,User 110,70205,1,04/03/2016,08:52,04/03/2016,18:41,8.29,Elland Road Park and Ride,APT 7kW Dual Outlet
1579011,User 63,70202,2,05/03/2016,14:33,05/03/2016,18:17,5.46,Woodhouse Lane Car Park,APT 7kW Dual Outlet
1580770,User 84,70206,1,07/03/2016,07:15,07/03/2016,15:59,-71.99,Elland Road Park and Ride,APT 7kW Dual Outlet
1580844,User 643,70205,1,07/03/2016,08:08,07/03/2016,17:30,13.04,Elland Road Park and Ride,APT 7kW Dual Outlet
1580902,User 645,70208,1,07/03/2016,08:35,07/03/2016,17:40,5.81,Elland Road Park and Ride,APT 7kW Dual Outlet
1581009,User 628,70207,2,07/03/2016,09:17,07/03/2016,17:05,4.79,Elland Road Park and Ride,APT 7kW Dual Outlet
1581026,User 636,70205,2,07/03/2016,09:26,07/03/2016,16:50,17.27,Elland Road Park and Ride,APT 7kW Dual Outlet
1581726,User 644,70206,2,07/03/2016,13:58,07/03/2016,19:20,17.89,Elland Road Park and Ride,APT 7kW Dual Outlet
1582582,User 121,70206,2,08/03/2016,07:03,08/03/2016,16:21,9.36,Elland Road Park and Ride,APT 7kW Dual Outlet
1582685,User 645,70206,1,08/03/2016,08:08,08/03/2016,18:08,5.84,Elland Road Park and Ride,APT 7kW Dual Outlet
1582690,User 636,70205,1,08/03/2016,08:10,08/03/2016,17:54,18.04,Elland Road Park and Ride,APT 7kW Dual Outlet
1582724,User 643,70205,2,08/03/2016,08:28,08/03/2016,17:52,10.77,Elland Road Park and Ride,APT 7kW Dual Outlet
1582808,User 628,70207,2,08/03/2016,08:58,08/03/2016,15:58,8.39,Elland Road Park and Ride,APT 7kW Dual Outlet
1583477,User 44,70204,2,08/03/2016,13:03,08/03/2016,15:46,0,Woodhouse Lane Car Park,APT 7kW Dual Outlet
1583700,User 650,70208,1,08/03/2016,15:22,08/03/2016,17:37,0.11,Elland Road Park and Ride,APT 7kW Dual Outlet
1584530,User 84,70208,1,09/03/2016,07:13,09/03/2016,15:49,12.9,Elland Road Park and Ride,APT 7kW Dual Outlet
1584614,User 645,70206,1,09/03/2016,08:03,09/03/2016,16:42,0.48,Elland Road Park and Ride,APT 7kW Dual Outlet
1584699,User 643,70205,1,09/03/2016,08:41,09/03/2016,17:33,13.32,Elland Road Park and Ride,APT 7kW Dual Outlet
1584776,User 636,70205,2,09/03/2016,09:06,09/03/2016,17:03,19.72,Elland Road Park and Ride,APT 7kW Dual Outlet
1584796,User 110,70207,1,09/03/2016,09:19,09/03/2016,18:03,4.59,Elland Road Park and Ride,APT 7kW Dual Outlet
1585015,User 55,70206,2,09/03/2016,11:49,09/03/2016,14:28,5.24,Elland Road Park and Ride,APT 7kW Dual Outlet
1586618,User 645,70206,1,10/03/2016,08:04,10/03/2016,17:49,5,Elland Road Park and Ride,APT 7kW Dual Outlet
1586681,User 643,70205,2,10/03/2016,08:30,10/03/2016,17:35,11.97,Elland Road Park and Ride,APT 7kW Dual Outlet
1586743,User 636,70205,1,10/03/2016,08:53,10/03/2016,16:37,19.23,Elland Road Park and Ride,APT 7kW Dual Outlet
1588649,User 84,70208,1,11/03/2016,07:16,11/03/2016,16:02,11.99,Elland Road Park and Ride,APT 7kW Dual Outlet
1588699,User 643,70205,1,11/03/2016,08:05,11/03/2016,17:31,12.5,Elland Road Park and Ride,APT 7kW Dual Outlet
1590667,User 631,70206,2,12/03/2016,11:25,12/03/2016,17:05,19.54,Elland Road Park and Ride,APT 7kW Dual Outlet
1591111,User 64,70206,1,12/03/2016,15:31,12/03/2016,18:05,14.5,Elland Road Park and Ride,APT 7kW Dual Outlet
1592654,User 644,70206,1,14/03/2016,06:56,14/03/2016,16:54,20.66,Elland Road Park and Ride,APT 7kW Dual Outlet
1592699,User 84,70208,1,14/03/2016,07:22,14/03/2016,15:51,8.35,Elland Road Park and Ride,APT 7kW Dual Outlet
1592808,User 643,70205,1,14/03/2016,08:31,15/03/2016,08:10,11.32,Elland Road Park and Ride,APT 7kW Dual Outlet
1594543,User 643,70205,1,15/03/2016,08:14,15/03/2016,08:14,0.01,Elland Road Park and Ride,APT 7kW Dual Outlet
1594548,User 643,70205,1,15/03/2016,08:16,15/03/2016,17:41,17.02,Elland Road Park and Ride,APT 7kW Dual Outlet
1594637,User 646,70208,1,15/03/2016,08:39,15/03/2016,18:45,7.57,Elland Road Park and Ride,APT 7kW Dual Outlet
1596819,User 84,70207,1,16/03/2016,07:23,16/03/2016,16:00,16.3,Elland Road Park and Ride,APT 7kW Dual Outlet
1596922,User 643,70208,1,16/03/2016,08:22,16/03/2016,08:23,0,Elland Road Park and Ride,APT 7kW Dual Outlet
1596924,User 643,70208,2,16/03/2016,08:24,16/03/2016,18:00,11.69,Elland Road Park and Ride,APT 7kW Dual Outlet
1598057,User 644,70206,1,16/03/2016,15:06,16/03/2016,21:06,20.88,Elland Road Park and Ride,APT 7kW Dual Outlet
1599432,User 643,70208,2,17/03/2016,08:14,17/03/2016,08:14,0,Elland Road Park and Ride,APT 7kW Dual Outlet
1599436,User 643,70205,2,17/03/2016,08:16,17/03/2016,17:30,11.25,Elland Road Park and Ride,APT 7kW Dual Outlet
1599475,User 646,70208,1,17/03/2016,08:40,17/03/2016,18:48,-15.92,Elland Road Park and Ride,APT 7kW Dual Outlet
1600559,User 644,70206,1,17/03/2016,14:55,17/03/2016,20:52,11.62,Elland Road Park and Ride,APT 7kW Dual Outlet
1601815,User 84,70207,1,18/03/2016,07:19,18/03/2016,17:04,13.59,Elland Road Park and Ride,APT 7kW Dual Outlet
1601906,User 643,70205,2,18/03/2016,08:13,18/03/2016,17:55,12.56,Elland Road Park and Ride,APT 7kW Dual Outlet
1601932,User 646,70208,2,18/03/2016,08:27,18/03/2016,18:06,7.34,Elland Road Park and Ride,APT 7kW Dual Outlet
1607185,User 643,70205,2,21/03/2016,08:26,21/03/2016,17:46,19.57,Elland Road Park and Ride,APT 7kW Dual Outlet
1607286,User 636,70205,1,21/03/2016,09:09,21/03/2016,17:46,19.54,Elland Road Park and Ride,APT 7kW Dual Outlet
1609097,User 84,70207,1,22/03/2016,07:24,22/03/2016,15:49,15.29,Elland Road Park and Ride,APT 7kW Dual Outlet
1609157,User 645,70206,1,22/03/2016,08:00,22/03/2016,17:09,4.66,Elland Road Park and Ride,APT 7kW Dual Outlet
1609237,User 643,70205,2,22/03/2016,08:42,22/03/2016,17:33,17.2,Elland Road Park and Ride,APT 7kW Dual Outlet
1609321,User 636,70205,1,22/03/2016,09:08,22/03/2016,17:33,12.68,Elland Road Park and Ride,APT 7kW Dual Outlet
1611133,User 636,70205,1,23/03/2016,07:31,23/03/2016,14:53,13.24,Elland Road Park and Ride,APT 7kW Dual Outlet
1611229,User 643,70205,2,23/03/2016,08:22,23/03/2016,17:37,16.22,Elland Road Park and Ride,APT 7kW Dual Outlet
1611258,User 646,70208,2,23/03/2016,08:38,23/03/2016,18:40,6.67,Elland Road Park and Ride,APT 7kW Dual Outlet
1613015,User 644,70206,1,24/03/2016,06:45,24/03/2016,17:01,-3.55,Elland Road Park and Ride,APT 7kW Dual Outlet
1613060,User 106,70200,1,24/03/2016,07:12,24/03/2016,18:15,7.32,Woodhouse Lane Car Park,APT 7kW Dual Outlet
1613139,User 84,70207,1,24/03/2016,07:25,24/03/2016,16:09,14.13,Elland Road Park and Ride,APT 7kW Dual Outlet
1613177,User 636,70205,1,24/03/2016,08:19,24/03/2016,16:19,19.14,Elland Road Park and Ride,APT 7kW Dual Outlet
1613183,User 643,70205,2,24/03/2016,08:21,24/03/2016,17:50,15.91,Elland Road Park and Ride,APT 7kW Dual Outlet
1617111,User 55,70206,2,26/03/2016,15:24,26/03/2016,15:25,0,Elland Road Park and Ride,APT 7kW Dual Outlet
1617113,User 55,70206,1,26/03/2016,15:26,26/03/2016,17:29,3.45,Elland Road Park and Ride,APT 7kW Dual Outlet
1617153,User 644,70206,2,26/03/2016,15:55,26/03/2016,17:29,11.29,Elland Road Park and Ride,APT 7kW Dual Outlet
1617342,User 644,70206,2,26/03/2016,18:37,26/03/2016,21:03,8.18,Elland Road Park and Ride,APT 7kW Dual Outlet
1619956,User 84,70207,1,29/03/2016,07:17,29/03/2016,16:54,8.6,Elland Road Park and Ride,APT 7kW Dual Outlet
1619962,User 106,70200,1,29/03/2016,07:19,29/03/2016,14:21,7.13,Woodhouse Lane Car Park,APT 7kW Dual Outlet
1620062,User 643,70205,2,29/03/2016,08:29,29/03/2016,17:32,18.28,Elland Road Park and Ride,APT 7kW Dual Outlet
1620091,User 636,70205,1,29/03/2016,08:44,29/03/2016,14:29,16.57,Elland Road Park and Ride,APT 7kW Dual Outlet
1621801,User 121,70207,1,30/03/2016,07:09,30/03/2016,16:42,-0.3,Elland Road Park and Ride,APT 7kW Dual Outlet
1621910,User 643,70205,2,30/03/2016,08:24,30/03/2016,17:34,17.75,Elland Road Park and Ride,APT 7kW Dual Outlet
1621925,User 636,70205,1,30/03/2016,08:29,30/03/2016,17:34,14.56,Elland Road Park and Ride,APT 7kW Dual Outlet
1622325,User 633,70208,1,30/03/2016,12:45,30/03/2016,15:22,20.15,Elland Road Park and Ride,APT 7kW Dual Outlet
1623806,User 636,70205,1,31/03/2016,08:21,31/03/2016,16:33,15.61,Elland Road Park and Ride,APT 7kW Dual Outlet
1623810,User 643,70205,2,31/03/2016,08:23,31/03/2016,18:03,17.47,Elland Road Park and Ride,APT 7kW Dual Outlet
1625595,User 121,70206,2,01/04/2016,06:52,01/04/2016,15:38,0,Elland Road Park and Ride,APT 7kW Dual Outlet
1625760,User 643,70205,2,01/04/2016,08:25,01/04/2016,17:44,14.13,Elland Road Park and Ride,APT 7kW Dual Outlet
1627555,User 85,70204,1,02/04/2016,07:13,02/04/2016,11:10,0,Woodhouse Lane Car Park,APT 7kW Dual Outlet
1629227,User 15,70203,1,03/04/2016,14:10,03/04/2016,16:53,0,Woodhouse Lane Car Park,APT 7kW Dual Outlet
1629823,User 644,70206,1,04/04/2016,06:43,04/04/2016,16:37,0.21,Elland Road Park and Ride,APT 7kW Dual Outlet
1629826,User 85,70204,1,04/04/2016,06:45,04/04/2016,11:03,0,Woodhouse Lane Car Park,APT 7kW Dual Outlet
1629832,User 652,70205,2,04/04/2016,06:52,04/04/2016,18:03,19.24,Elland Road Park and Ride,APT 7kW Dual Outlet
1629833,User 121,70206,2,04/04/2016,06:56,04/04/2016,15:59,8.13,Elland Road Park and Ride,APT 7kW Dual Outlet
1629873,User 84,70207,2,04/04/2016,07:16,04/04/2016,16:00,9.17,Elland Road Park and Ride,APT 7kW Dual Outlet
1629948,User 645,70208,1,04/04/2016,08:07,04/04/2016,17:33,4.79,Elland Road Park and Ride,APT 7kW Dual Outlet
1629982,User 636,70205,1,04/04/2016,08:29,04/04/2016,17:20,14.69,Elland Road Park and Ride,APT 7kW Dual Outlet
1630242,User 114,70204,1,04/04/2016,11:27,04/04/2016,11:27,0,Woodhouse Lane Car Park,APT 7kW Dual Outlet
1630243,User 114,70204,1,04/04/2016,11:27,04/04/2016,15:04,0,Woodhouse Lane Car Park,APT 7kW Dual Outlet
1631580,User 121,70206,2,05/04/2016,06:52,05/04/2016,15:59,9.33,Elland Road Park and Ride,APT 7kW Dual Outlet
1631701,User 636,70205,1,05/04/2016,08:02,05/04/2016,17:48,13.46,Elland Road Park and Ride,APT 7kW Dual Outlet
1631748,User 643,70205,2,05/04/2016,08:25,05/04/2016,17:22,19.76,Elland Road Park and Ride,APT 7kW Dual Outlet
1631776,User 646,70208,2,05/04/2016,08:39,05/04/2016,18:23,5.64,Elland Road Park and Ride,APT 7kW Dual Outlet
1633386,User 85,70204,2,06/04/2016,06:34,06/04/2016,13:00,0,Woodhouse Lane Car Park,APT 7kW Dual Outlet
1633387,User 121,70206,2,06/04/2016,06:50,06/04/2016,16:11,9.12,Elland Road Park and Ride,APT 7kW Dual Outlet
1633440,User 106,70202,1,06/04/2016,07:19,06/04/2016,14:54,4.42,Woodhouse Lane Car Park,APT 7kW Dual Outlet
1633446,User 84,70207,2,06/04/2016,07:25,06/04/2016,16:14,13.76,Elland Road Park and Ride,APT 7kW Dual Outlet
1633463,User 636,70205,1,06/04/2016,07:37,06/04/2016,16:11,13.19,Elland Road Park and Ride,APT 7kW Dual Outlet
1633511,User 645,70206,1,06/04/2016,08:04,06/04/2016,17:26,5.26,Elland Road Park and Ride,APT 7kW Dual Outlet
1634578,User 644,70208,1,06/04/2016,15:53,06/04/2016,20:46,0.34,Elland Road Park and Ride,APT 7kW Dual Outlet
1635311,User 84,70206,2,07/04/2016,07:27,07/04/2016,17:03,11.61,Elland Road Park and Ride,APT 7kW Dual Outlet
1635370,User 645,70206,1,07/04/2016,08:11,07/04/2016,16:53,5.79,Elland Road Park and Ride,APT 7kW Dual Outlet
1635383,User 643,70205,2,07/04/2016,08:19,07/04/2016,17:52,20.56,Elland Road Park and Ride,APT 7kW Dual Outlet
1635415,User 646,70208,2,07/04/2016,08:37,07/04/2016,18:28,6.05,Elland Road Park and Ride,APT 7kW Dual Outlet
1635470,User 110,70205,1,07/04/2016,09:01,07/04/2016,18:25,35.99,Elland Road Park and Ride,APT 7kW Dual Outlet
1635882,User 85,70204,2,07/04/2016,12:51,07/04/2016,16:05,0,Woodhouse Lane Car Park,APT 7kW Dual Outlet
1636907,User 8,70204,1,07/04/2016,19:33,07/04/2016,23:08,0,Woodhouse Lane Car Park,APT 7kW Dual Outlet
1637150,User 652,70205,2,08/04/2016,07:03,08/04/2016,18:22,12.87,Elland Road Park and Ride,APT 7kW Dual Outlet
1637165,User 84,70206,1,08/04/2016,07:15,08/04/2016,15:53,6.42,Elland Road Park and Ride,APT 7kW Dual Outlet
1637272,User 643,70205,1,08/04/2016,08:23,08/04/2016,17:25,16.3,Elland Road Park and Ride,APT 7kW Dual Outlet
1637325,User 143,70207,2,08/04/2016,08:46,08/04/2016,16:27,3.98,Elland Road Park and Ride,APT 7kW Dual Outlet
1638496,User 653,70208,2,08/04/2016,17:04,08/04/2016,17:11,0,Elland Road Park and Ride,APT 7kW Dual Outlet
1638511,User 653,70208,2,08/04/2016,17:13,08/04/2016,19:09,0,Elland Road Park and Ride,APT 7kW Dual Outlet
1639284,User 631,70206,1,09/04/2016,11:27,09/04/2016,17:16,18.75,Elland Road Park and Ride,APT 7kW Dual Outlet
1639671,User 50,70207,1,09/04/2016,14:29,09/04/2016,15:44,4.44,Elland Road Park and Ride,APT 7kW Dual Outlet
1639698,User 654,70208,1,09/04/2016,14:49,09/04/2016,17:23,12.47,Elland Road Park and Ride,APT 7kW Dual Outlet
1640781,User 33,70202,2,10/04/2016,13:54,10/04/2016,16:08,8.69,Woodhouse Lane Car Park,APT 7kW Dual Outlet
1641631,User 143,70206,2,11/04/2016,08:52,11/04/2016,16:58,3.98,Elland Road Park and Ride,APT 7kW Dual Outlet
1643181,User 652,70205,2,12/04/2016,07:02,12/04/2016,18:10,9.42,Elland Road Park and Ride,APT 7kW Dual Outlet
1643225,User 84,70203,2,12/04/2016,07:35,12/04/2016,15:37,0,Woodhouse Lane Car Park,APT 7kW Dual Outlet
1645065,User 85,70204,1,13/04/2016,06:40,13/04/2016,12:34,0,Woodhouse Lane Car Park,APT 7kW Dual Outlet
1645122,User 84,70201,1,13/04/2016,07:18,13/04/2016,15:14,0,Woodhouse Lane Car Park,APT 7kW Dual Outlet
1645126,User 106,70200,1,13/04/2016,07:19,13/04/2016,15:20,6.89,Woodhouse Lane Car Park,APT 7kW Dual Outlet
1645277,User 646,70208,2,13/04/2016,08:39,13/04/2016,18:02,6.33,Elland Road Park and Ride,APT 7kW Dual Outlet
1645324,User 143,70206,2,13/04/2016,08:53,13/04/2016,16:23,3.73,Elland Road Park and Ride,APT 7kW Dual Outlet
1647439,User 644,70206,1,14/04/2016,08:53,14/04/2016,16:50,20.7,Elland Road Park and Ride,APT 7kW Dual Outlet
1649105,User 122,70201,1,14/04/2016,21:47,14/04/2016,21:47,0,Woodhouse Lane Car Park,APT 7kW Dual Outlet
1649106,User 122,70201,1,14/04/2016,21:47,15/04/2016,02:56,0,Woodhouse Lane Car Park,APT 7kW Dual Outlet
1649285,User 85,70204,2,15/04/2016,06:55,15/04/2016,13:49,0,Woodhouse Lane Car Park,APT 7kW Dual Outlet
1649332,User 84,70203,2,15/04/2016,07:14,15/04/2016,15:08,0,Woodhouse Lane Car Park,APT 7kW Dual Outlet
1649456,User 44,70204,1,15/04/2016,08:26,15/04/2016,11:27,0,Woodhouse Lane Car Park,APT 7kW Dual Outlet
1649603,User 636,70205,1,15/04/2016,09:41,15/04/2016,17:02,14.06,Elland Road Park and Ride,APT 7kW Dual Outlet
1651285,User 85,70204,2,16/04/2016,07:32,16/04/2016,12:15,0,Woodhouse Lane Car Park,APT 7kW Dual Outlet
1651536,User 655,70203,1,16/04/2016,11:32,16/04/2016,16:06,0,Woodhouse Lane Car Park,APT 7kW Dual Outlet
1653692,User 85,70204,2,18/04/2016,06:31,18/04/2016,10:02,0,Woodhouse Lane Car Park,APT 7kW Dual Outlet
1653752,User 84,70203,1,18/04/2016,07:16,18/04/2016,15:15,0,Woodhouse Lane Car Park,APT 7kW Dual Outlet
1653852,User 645,70206,1,18/04/2016,08:17,18/04/2016,18:09,4.32,Elland Road Park and Ride,APT 7kW Dual Outlet
1653957,User 143,70206,2,18/04/2016,08:56,18/04/2016,17:43,5.69,Elland Road Park and Ride,APT 7kW Dual Outlet
1655643,User 85,70204,2,19/04/2016,06:45,19/04/2016,11:04,0,Woodhouse Lane Car Park,APT 7kW Dual Outlet
1655717,User 84,70203,1,19/04/2016,07:19,19/04/2016,15:16,0,Woodhouse Lane Car Park,APT 7kW Dual Outlet
1655857,User 643,70205,2,19/04/2016,08:34,19/04/2016,17:43,19.33,Elland Road Park and Ride,APT 7kW Dual Outlet
1655944,User 143,70206,2,19/04/2016,09:09,19/04/2016,17:21,7.38,Elland Road Park and Ride,APT 7kW Dual Outlet
1657825,User 643,70205,2,20/04/2016,08:22,20/04/2016,17:44,15.63,Elland Road Park and Ride,APT 7kW Dual Outlet
1657872,User 646,70208,2,20/04/2016,08:43,20/04/2016,17:13,5.68,Elland Road Park and Ride,APT 7kW Dual Outlet
1657962,User 143,70206,2,20/04/2016,09:14,20/04/2016,18:14,7.43,Elland Road Park and Ride,APT 7kW Dual Outlet
1659065,User 132,70207,1,20/04/2016,16:23,20/04/2016,17:59,5.07,Elland Road Park and Ride,APT 7kW Dual Outlet
1659942,User 643,70205,2,21/04/2016,08:23,21/04/2016,17:52,15.2,Elland Road Park and Ride,APT 7kW Dual Outlet
1659987,User 646,70208,2,21/04/2016,08:42,21/04/2016,18:30,6.69,Elland Road Park and Ride,APT 7kW Dual Outlet
1660033,User 143,70206,2,21/04/2016,08:56,21/04/2016,16:56,7.18,Elland Road Park and Ride,APT 7kW Dual Outlet
1661816,User 85,70204,2,22/04/2016,06:36,22/04/2016,12:23,0,Woodhouse Lane Car Park,APT 7kW Dual Outlet
1661854,User 652,70205,1,22/04/2016,07:04,22/04/2016,18:13,14.54,Elland Road Park and Ride,APT 7kW Dual Outlet
1661879,User 84,70203,1,22/04/2016,07:20,22/04/2016,15:16,0,Woodhouse Lane Car Park,APT 7kW Dual Outlet
1661986,User 643,70205,2,22/04/2016,08:15,22/04/2016,18:03,16.25,Elland Road Park and Ride,APT 7kW Dual Outlet
1662479,User 143,70206,2,22/04/2016,12:23,22/04/2016,16:43,11.1,Elland Road Park and Ride,APT 7kW Dual Outlet
1663938,User 644,70206,1,23/04/2016,08:05,23/04/2016,16:35,13.91,Elland Road Park and Ride,APT 7kW Dual Outlet
1664224,User 634,70201,1,23/04/2016,11:59,23/04/2016,15:02,0,Woodhouse Lane Car Park,APT 7kW Dual Outlet
1664275,User 125,70203,1,23/04/2016,12:34,23/04/2016,12:56,0,Woodhouse Lane Car Park,APT 7kW Dual Outlet
1664279,User 127,70207,2,23/04/2016,12:38,23/04/2016,14:43,0,Elland Road Park and Ride,APT 7kW Dual Outlet
1664916,User 36,70204,1,23/04/2016,18:56,23/04/2016,22:24,0,Woodhouse Lane Car Park,APT 7kW Dual Outlet
1666551,User 84,70203,2,25/04/2016,07:14,25/04/2016,15:14,0,Woodhouse Lane Car Park,APT 7kW Dual Outlet
1666558,User 106,70201,1,25/04/2016,07:16,25/04/2016,15:39,0,Woodhouse Lane Car Park,APT 7kW Dual Outlet
1666607,User 645,70206,2,25/04/2016,07:47,25/04/2016,17:41,5.05,Elland Road Park and Ride,APT 7kW Dual Outlet
1666842,User 143,70207,1,25/04/2016,09:17,25/04/2016,18:01,4.23,Elland Road Park and Ride,APT 7kW Dual Outlet
1668520,User 78,70204,1,26/04/2016,06:15,26/04/2016,12:54,0,Woodhouse Lane Car Park,APT 7kW Dual Outlet
1668537,User 85,70203,2,26/04/2016,06:45,26/04/2016,12:40,0,Woodhouse Lane Car Park,APT 7kW Dual Outlet
1668656,User 645,70206,2,26/04/2016,07:54,26/04/2016,17:14,5.87,Elland Road Park and Ride,APT 7kW Dual Outlet
1668838,User 143,70207,2,26/04/2016,09:05,27/04/2016,06:56,4.1,Elland Road Park and Ride,APT 7kW Dual Outlet
1669794,User 644,70207,1,26/04/2016,15:53,26/04/2016,20:52,0.53,Elland Road Park and Ride,APT 7kW Dual Outlet
1670571,User 652,70205,1,27/04/2016,07:02,27/04/2016,18:08,20.66,Elland Road Park and Ride,APT 7kW Dual Outlet
1670599,User 84,70201,2,27/04/2016,07:24,27/04/2016,07:24,0,Woodhouse Lane Car Park,APT 7kW Dual Outlet
1670600,User 84,70201,1,27/04/2016,07:24,27/04/2016,15:12,0,Woodhouse Lane Car Park,APT 7kW Dual Outlet
1670724,User 643,70205,2,27/04/2016,08:25,27/04/2016,17:31,16.77,Elland Road Park and Ride,APT 7kW Dual Outlet
1671127,User 78,70204,1,27/04/2016,11:41,27/04/2016,11:42,0,Woodhouse Lane Car Park,APT 7kW Dual Outlet
1671821,User 78,70201,2,27/04/2016,15:17,27/04/2016,15:18,0,Woodhouse Lane Car Park,APT 7kW Dual Outlet
1671824,User 78,70201,2,27/04/2016,15:20,27/04/2016,15:21,0,Woodhouse Lane Car Park,APT 7kW Dual Outlet
1671832,User 78,70201,1,27/04/2016,15:22,03/05/2016,15:11,0,Woodhouse Lane Car Park,APT 7kW Dual Outlet
1672709,User 84,70203,2,28/04/2016,07:29,28/04/2016,15:25,0,Woodhouse Lane Car Park,APT 7kW Dual Outlet
1672747,User 645,70206,2,28/04/2016,07:51,28/04/2016,17:40,5.7,Elland Road Park and Ride,APT 7kW Dual Outlet
1672838,User 643,70205,2,28/04/2016,08:33,28/04/2016,17:59,16.32,Elland Road Park and Ride,APT 7kW Dual Outlet
1672940,User 143,70207,2,28/04/2016,09:06,28/04/2016,18:01,4.59,Elland Road Park and Ride,APT 7kW Dual Outlet
1674736,User 106,70203,2,29/04/2016,07:18,29/04/2016,17:35,0,Woodhouse Lane Car Park,APT 7kW Dual Outlet
1674750,User 84,70203,1,29/04/2016,07:26,29/04/2016,15:15,0,Woodhouse Lane Car Park,APT 7kW Dual Outlet
1674772,User 645,70206,2,29/04/2016,07:45,29/04/2016,17:53,5.74,Elland Road Park and Ride,APT 7kW Dual Outlet
1674856,User 643,70205,2,29/04/2016,08:24,29/04/2016,17:53,17.18,Elland Road Park and Ride,APT 7kW Dual Outlet
1674943,User 143,70207,2,29/04/2016,08:52,29/04/2016,18:30,4.22,Elland Road Park and Ride,APT 7kW Dual Outlet
1676801,User 84,70204,2,30/04/2016,11:00,30/04/2016,12:34,0,Woodhouse Lane Car Park,APT 7kW Dual Outlet
1677144,User 36,70201,2,30/04/2016,13:09,30/04/2016,22:34,0,Woodhouse Lane Car Park,APT 7kW Dual Outlet
1679259,User 634,70203,2,02/05/2016,12:16,02/05/2016,14:34,0,Woodhouse Lane Car Park,APT 7kW Dual Outlet
1679514,User 118,70201,2,02/05/2016,13:55,02/05/2016,15:57,0,Woodhouse Lane Car Park,APT 7kW Dual Outlet
1680245,User 106,70201,2,03/05/2016,07:06,03/05/2016,15:24,0,Woodhouse Lane Car Park,APT 7kW Dual Outlet
1680302,User 645,70206,2,03/05/2016,07:49,03/05/2016,17:31,5.3,Elland Road Park and Ride,APT 7kW Dual Outlet
1680354,User 643,70205,2,03/05/2016,08:15,03/05/2016,17:43,24.41,Elland Road Park and Ride,APT 7kW Dual Outlet
1680462,User 143,70207,2,03/05/2016,08:55,03/05/2016,17:02,3.02,Elland Road Park and Ride,APT 7kW Dual Outlet
1680563,User 64,70206,1,03/05/2016,09:49,03/05/2016,12:01,11.92,Elland Road Park and Ride,APT 7kW Dual Outlet
1681404,User 78,70201,2,03/05/2016,15:40,03/05/2016,15:41,0,Woodhouse Lane Car Park,APT 7kW Dual Outlet
1681411,User 78,70201,1,03/05/2016,15:42,04/05/2016,11:41,0,Woodhouse Lane Car Park,APT 7kW Dual Outlet
1682179,User 644,70206,1,04/05/2016,06:44,04/05/2016,16:39,18.86,Elland Road Park and Ride,APT 7kW Dual Outlet
1682181,User 85,70204,2,04/05/2016,06:45,04/05/2016,11:35,444.99,Woodhouse Lane Car Park,APT 7kW Dual Outlet
1682318,User 645,70208,1,04/05/2016,07:50,04/05/2016,17:57,4.7,Elland Road Park and Ride,APT 7kW Dual Outlet
1682378,User 643,70205,2,04/05/2016,08:26,04/05/2016,17:45,-24.41,Elland Road Park and Ride,APT 7kW Dual Outlet
1682466,User 143,70207,2,04/05/2016,08:56,04/05/2016,17:04,6.82,Elland Road Park and Ride,APT 7kW Dual Outlet
1684331,User 643,70205,2,05/05/2016,08:24,05/05/2016,17:43,15.54,Elland Road Park and Ride,APT 7kW Dual Outlet
1684422,User 143,70207,2,05/05/2016,08:54,05/05/2016,17:12,6.9,Elland Road Park and Ride,APT 7kW Dual Outlet
1686170,User 85,70204,2,06/05/2016,06:45,06/05/2016,16:11,13.61,Woodhouse Lane Car Park,APT 7kW Dual Outlet
1686446,User 143,70207,2,06/05/2016,08:48,06/05/2016,16:51,7.06,Elland Road Park and Ride,APT 7kW Dual Outlet
1687392,User 644,70206,1,06/05/2016,15:59,06/05/2016,21:05,5.83,Elland Road Park and Ride,APT 7kW Dual Outlet
1688040,User 85,70204,2,07/05/2016,06:56,07/05/2016,12:26,12.9,Woodhouse Lane Car Park,APT 7kW Dual Outlet
1688209,User 123,70203,2,07/05/2016,10:15,07/05/2016,12:24,0,Woodhouse Lane Car Park,APT 7kW Dual Outlet
1688722,User 85,70201,1,07/05/2016,15:31,07/05/2016,15:33,0,Woodhouse Lane Car Park,APT 7kW Dual Outlet
1690379,User 85,70203,2,09/05/2016,07:01,09/05/2016,11:23,0,Woodhouse Lane Car Park,APT 7kW Dual Outlet
1690521,User 643,70205,2,09/05/2016,08:23,09/05/2016,17:39,15.55,Elland Road Park and Ride,APT 7kW Dual Outlet
1690629,User 143,70207,2,09/05/2016,08:52,09/05/2016,16:29,3.37,Elland Road Park and Ride,APT 7kW Dual Outlet
1691752,User 154,70203,2,09/05/2016,18:47,09/05/2016,22:16,0,Woodhouse Lane Car Park,APT 7kW Dual Outlet
1691755,User 85,70202,2,09/05/2016,18:50,09/05/2016,22:07,11.46,Woodhouse Lane Car Park,APT 7kW Dual Outlet
1692011,User 152,70201,1,09/05/2016,19:11,09/05/2016,22:26,0,Woodhouse Lane Car Park,APT 7kW Dual Outlet
1692352,User 652,70205,1,10/05/2016,07:01,10/05/2016,18:03,18.71,Elland Road Park and Ride,APT 7kW Dual Outlet
1692544,User 143,70207,2,10/05/2016,08:54,10/05/2016,17:26,2.67,Elland Road Park and Ride,APT 7kW Dual Outlet
1693488,User 153,70203,2,10/05/2016,15:48,10/05/2016,18:10,0,Woodhouse Lane Car Park,APT 7kW Dual Outlet
1693715,User 153,70203,2,10/05/2016,18:14,10/05/2016,21:32,0,Woodhouse Lane Car Park,APT 7kW Dual Outlet
1693724,User 155,70200,1,10/05/2016,18:24,10/05/2016,18:29,0.26,Woodhouse Lane Car Park,APT 7kW Dual Outlet
1693732,User 149,70200,2,10/05/2016,18:31,10/05/2016,18:33,0.1,Woodhouse Lane Car Park,APT 7kW Dual Outlet
1693737,User 155,70200,1,10/05/2016,18:34,10/05/2016,18:36,0.06,Woodhouse Lane Car Park,APT 7kW Dual Outlet
1693743,User 155,70200,1,10/05/2016,18:37,10/05/2016,21:50,11.23,Woodhouse Lane Car Park,APT 7kW Dual Outlet
1693745,User 149,70201,1,10/05/2016,18:40,10/05/2016,22:06,0,Woodhouse Lane Car Park,APT 7kW Dual Outlet
1693751,User 148,70202,2,10/05/2016,18:49,10/05/2016,21:59,10.44,Woodhouse Lane Car Park,APT 7kW Dual Outlet
1694093,User 152,70201,1,10/05/2016,22:28,11/05/2016,07:09,0,Woodhouse Lane Car Park,APT 7kW Dual Outlet
1694096,User 154,70202,1,10/05/2016,22:35,11/05/2016,07:10,14.62,Woodhouse Lane Car Park,APT 7kW Dual Outlet
1694368,User 85,70203,2,11/05/2016,07:24,11/05/2016,11:35,0,Woodhouse Lane Car Park,APT 7kW Dual Outlet
1694412,User 643,70205,2,11/05/2016,07:44,11/05/2016,18:00,15.88,Elland Road Park and Ride,APT 7kW Dual Outlet
1694481,User 44,70202,1,11/05/2016,08:17,11/05/2016,12:42,8.91,Woodhouse Lane Car Park,APT 7kW Dual Outlet
1694488,User 645,70206,2,11/05/2016,08:21,11/05/2016,14:40,4.91,Elland Road Park and Ride,APT 7kW Dual Outlet
1695714,User 149,70202,2,11/05/2016,17:25,11/05/2016,17:47,1.3,Woodhouse Lane Car Park,APT 7kW Dual Outlet
1695742,User 148,70201,2,11/05/2016,17:48,11/05/2016,17:49,0,Woodhouse Lane Car Park,APT 7kW Dual Outlet
1695743,User 148,70201,1,11/05/2016,17:49,11/05/2016,21:14,0,Woodhouse Lane Car Park,APT 7kW Dual Outlet
1695747,User 149,70202,2,11/05/2016,17:51,11/05/2016,21:06,9.03,Woodhouse Lane Car Park,APT 7kW Dual Outlet
1695748,User 152,70200,1,11/05/2016,17:53,11/05/2016,21:17,11.12,Woodhouse Lane Car Park,APT 7kW Dual Outlet
1695751,User 154,70203,2,11/05/2016,17:55,11/05/2016,21:19,0,Woodhouse Lane Car Park,APT 7kW Dual Outlet
1696157,User 155,70202,2,11/05/2016,21:13,12/05/2016,08:06,14.75,Woodhouse Lane Car Park,APT 7kW Dual Outlet
1696548,User 121,70200,1,12/05/2016,08:30,12/05/2016,15:42,6.76,Woodhouse Lane Car Park,APT 7kW Dual Outlet
1696624,User 143,70207,2,12/05/2016,08:54,12/05/2016,16:32,10.75,Elland Road Park and Ride,APT 7kW Dual Outlet
1696700,User 85,70201,2,12/05/2016,09:33,12/05/2016,09:33,0,Woodhouse Lane Car Park,APT 7kW Dual Outlet
1696968,User 85,70203,2,12/05/2016,12:18,12/05/2016,15:49,0,Woodhouse Lane Car Park,APT 7kW Dual Outlet
1697870,User 155,70203,2,12/05/2016,18:33,12/05/2016,21:42,0,Woodhouse Lane Car Park,APT 7kW Dual Outlet
1697884,User 149,70202,2,12/05/2016,18:46,12/05/2016,21:49,10.93,Woodhouse Lane Car Park,APT 7kW Dual Outlet
1697901,User 148,70200,2,12/05/2016,18:59,12/05/2016,21:56,10.63,Woodhouse Lane Car Park,APT 7kW Dual Outlet
1698110,User 153,70201,1,12/05/2016,19:18,12/05/2016,21:52,0,Woodhouse Lane Car Park,APT 7kW Dual Outlet
1698208,User 152,70203,2,12/05/2016,21:47,13/05/2016,07:58,0,Woodhouse Lane Car Park,APT 7kW Dual Outlet
1698222,User 154,70202,1,12/05/2016,22:13,13/05/2016,09:27,17.92,Woodhouse Lane Car Park,APT 7kW Dual Outlet
1698384,User 644,70206,1,13/05/2016,06:45,13/05/2016,16:42,14.49,Elland Road Park and Ride,APT 7kW Dual Outlet
1698436,User 155,70201,1,13/05/2016,07:01,13/05/2016,08:10,0,Woodhouse Lane Car Park,APT 7kW Dual Outlet
1698473,User 106,70201,2,13/05/2016,07:15,13/05/2016,17:51,0,Woodhouse Lane Car Park,APT 7kW Dual Outlet
1698534,User 645,70207,1,13/05/2016,07:59,13/05/2016,17:43,4.02,Elland Road Park and Ride,APT 7kW Dual Outlet
1698584,User 643,70205,2,13/05/2016,08:24,13/05/2016,18:02,17.73,Elland Road Park and Ride,APT 7kW Dual Outlet
1698679,User 143,70208,1,13/05/2016,08:57,13/05/2016,17:22,7.45,Elland Road Park and Ride,APT 7kW Dual Outlet
1699841,User 155,70201,1,13/05/2016,18:04,13/05/2016,18:21,0,Woodhouse Lane Car Park,APT 7kW Dual Outlet
1699870,User 155,70201,1,13/05/2016,18:24,13/05/2016,21:47,0,Woodhouse Lane Car Park,APT 7kW Dual Outlet
1699880,User 154,70203,2,13/05/2016,18:32,14/05/2016,08:07,0,Woodhouse Lane Car Park,APT 7kW Dual Outlet
1699882,User 148,70200,1,13/05/2016,18:37,13/05/2016,21:50,11.35,Woodhouse Lane Car Park,APT 7kW Dual Outlet
1699892,User 149,70202,1,13/05/2016,18:46,13/05/2016,21:56,11.24,Woodhouse Lane Car Park,APT 7kW Dual Outlet
1700248,User 152,70201,1,13/05/2016,21:48,14/05/2016,08:11,0,Woodhouse Lane Car Park,APT 7kW Dual Outlet
1700251,User 153,70200,1,13/05/2016,21:52,14/05/2016,08:17,16.75,Woodhouse Lane Car Park,APT 7kW Dual Outlet
1700258,User 156,70202,1,13/05/2016,21:57,14/05/2016,08:26,16.21,Woodhouse Lane Car Park,APT 7kW Dual Outlet
1700516,User 643,70205,2,14/05/2016,08:14,14/05/2016,13:29,17.05,Elland Road Park and Ride,APT 7kW Dual Outlet
1700519,User 148,70200,2,14/05/2016,08:19,14/05/2016,08:20,0.01,Woodhouse Lane Car Park,APT 7kW Dual Outlet
1701189,User 148,70203,2,14/05/2016,15:04,14/05/2016,16:32,0,Woodhouse Lane Car Park,APT 7kW Dual Outlet
1701299,User 36,70201,1,14/05/2016,16:30,14/05/2016,22:40,0,Woodhouse Lane Car Park,APT 7kW Dual Outlet
1701311,User 152,70202,1,14/05/2016,16:39,14/05/2016,23:51,16.23,Woodhouse Lane Car Park,APT 7kW Dual Outlet
1701313,User 156,70201,2,14/05/2016,16:40,15/05/2016,00:01,0,Woodhouse Lane Car Park,APT 7kW Dual Outlet
1701314,User 154,70200,1,14/05/2016,16:39,15/05/2016,00:07,11.76,Woodhouse Lane Car Park,APT 7kW Dual Outlet
1701805,User 148,70203,2,14/05/2016,23:48,15/05/2016,10:50,0,Woodhouse Lane Car Park,APT 7kW Dual Outlet
1701811,User 155,70202,1,14/05/2016,23:58,15/05/2016,10:51,3.06,Woodhouse Lane Car Park,APT 7kW Dual Outlet
1701814,User 149,70201,1,15/05/2016,00:15,15/05/2016,10:53,0,Woodhouse Lane Car Park,APT 7kW Dual Outlet
1702172,User 134,70200,1,15/05/2016,11:28,15/05/2016,13:46,8.33,Woodhouse Lane Car Park,APT 7kW Dual Outlet
1702685,User 15,70200,2,15/05/2016,18:06,15/05/2016,21:09,10.03,Woodhouse Lane Car Park,APT 7kW Dual Outlet
1703088,User 85,70200,2,16/05/2016,06:37,16/05/2016,12:49,16.07,Woodhouse Lane Car Park,APT 7kW Dual Outlet
1703284,User 645,70206,2,16/05/2016,08:22,17/05/2016,16:58,9.91,Elland Road Park and Ride,APT 7kW Dual Outlet
1703580,User 149,70201,1,16/05/2016,11:11,16/05/2016,12:32,0,Woodhouse Lane Car Park,APT 7kW Dual Outlet
1704421,User 644,70207,1,16/05/2016,15:56,17/05/2016,13:01,18.73,Elland Road Park and Ride,APT 7kW Dual Outlet
1704464,User 154,70200,2,16/05/2016,16:40,16/05/2016,21:48,10.68,Woodhouse Lane Car Park,APT 7kW Dual Outlet
1704567,User 148,70203,1,16/05/2016,18:03,16/05/2016,21:43,0,Woodhouse Lane Car Park,APT 7kW Dual Outlet
1704599,User 152,70201,1,16/05/2016,18:36,16/05/2016,21:52,0,Woodhouse Lane Car Park,APT 7kW Dual Outlet
1704909,User 153,70203,1,16/05/2016,21:46,17/05/2016,08:06,0,Woodhouse Lane Car Park,APT 7kW Dual Outlet
1705382,User 121,70200,1,17/05/2016,08:51,17/05/2016,15:57,6,Woodhouse Lane Car Park,APT 7kW Dual Outlet
1706113,User 85,70203,2,17/05/2016,13:22,17/05/2016,16:20,0,Woodhouse Lane Car Park,APT 7kW Dual Outlet
1706548,User 154,70200,1,17/05/2016,16:37,17/05/2016,21:34,16.69,Woodhouse Lane Car Park,APT 7kW Dual Outlet
1706668,User 148,70201,2,17/05/2016,18:00,18/05/2016,16:43,0,Woodhouse Lane Car Park,APT 7kW Dual Outlet
1706672,User 153,70203,1,17/05/2016,18:03,17/05/2016,21:22,0,Woodhouse Lane Car Park,APT 7kW Dual Outlet
1707022,User 149,70203,1,17/05/2016,21:26,18/05/2016,08:19,0,Woodhouse Lane Car Park,APT 7kW Dual Outlet
1707031,User 156,70200,2,17/05/2016,21:42,18/05/2016,09:23,14.64,Woodhouse Lane Car Park,APT 7kW Dual Outlet
1707438,User 645,70208,1,18/05/2016,08:30,18/05/2016,18:08,4.71,Elland Road Park and Ride,APT 7kW Dual Outlet
1708594,User 156,70200,1,18/05/2016,16:45,18/05/2016,16:47,0.14,Woodhouse Lane Car Park,APT 7kW Dual Outlet
1708597,User 153,70201,1,18/05/2016,16:46,18/05/2016,16:48,0,Woodhouse Lane Car Park,APT 7kW Dual Outlet
1708610,User 153,70201,1,18/05/2016,16:49,18/05/2016,20:50,0,Woodhouse Lane Car Park,APT 7kW Dual Outlet
1709017,User 152,70203,1,18/05/2016,20:47,19/05/2016,18:06,0,Woodhouse Lane Car Park,APT 7kW Dual Outlet
1709022,User 156,70200,1,18/05/2016,20:53,18/05/2016,21:04,0.67,Woodhouse Lane Car Park,APT 7kW Dual Outlet
1709036,User 155,70201,2,18/05/2016,21:19,19/05/2016,08:01,0,Woodhouse Lane Car Park,APT 7kW Dual Outlet
1710642,User 148,70200,2,19/05/2016,16:55,19/05/2016,21:13,6.85,Woodhouse Lane Car Park,APT 7kW Dual Outlet
1710739,User 156,70203,1,19/05/2016,18:08,20/05/2016,08:20,0,Woodhouse Lane Car Park,APT 7kW Dual Outlet
1710750,User 149,70201,1,19/05/2016,18:13,19/05/2016,21:32,0,Woodhouse Lane Car Park,APT 7kW Dual Outlet
1711075,User 152,70200,1,19/05/2016,21:27,20/05/2016,08:23,6.92,Woodhouse Lane Car Park,APT 7kW Dual Outlet
1711079,User 153,70201,1,19/05/2016,21:40,20/05/2016,08:12,0,Woodhouse Lane Car Park,APT 7kW Dual Outlet
1711292,User 652,70205,1,20/05/2016,07:04,20/05/2016,18:07,21.19,Elland Road Park and Ride,APT 7kW Dual Outlet
1711337,User 645,70208,1,20/05/2016,07:38,20/05/2016,16:54,5.09,Elland Road Park and Ride,APT 7kW Dual Outlet
1711381,User 85,70200,2,20/05/2016,08:02,20/05/2016,11:35,10.45,Woodhouse Lane Car Park,APT 7kW Dual Outlet
1712730,User 154,70200,1,20/05/2016,16:33,21/05/2016,08:10,16.09,Woodhouse Lane Car Park,APT 7kW Dual Outlet
1712768,User 153,70201,2,20/05/2016,16:48,21/05/2016,21:22,0,Woodhouse Lane Car Park,APT 7kW Dual Outlet
1712789,User 148,70200,2,20/05/2016,17:04,21/05/2016,08:15,9.87,Woodhouse Lane Car Park,APT 7kW Dual Outlet
1712874,User 149,70203,2,20/05/2016,18:02,20/05/2016,21:45,0,Woodhouse Lane Car Park,APT 7kW Dual Outlet
1713241,User 152,70203,2,20/05/2016,21:47,21/05/2016,21:10,0,Woodhouse Lane Car Park,APT 7kW Dual Outlet
1714118,User 154,70200,1,21/05/2016,16:31,21/05/2016,21:27,9.87,Woodhouse Lane Car Park,APT 7kW Dual Outlet
1714167,User 148,70200,2,21/05/2016,17:13,21/05/2016,21:32,13.5,Woodhouse Lane Car Park,APT 7kW Dual Outlet
1714480,User 152,70203,2,21/05/2016,21:13,21/05/2016,21:18,0,Woodhouse Lane Car Park,APT 7kW Dual Outlet
1714483,User 152,70203,2,21/05/2016,21:19,22/05/2016,09:52,0,Woodhouse Lane Car Park,APT 7kW Dual Outlet
1714494,User 156,70200,2,21/05/2016,21:33,22/05/2016,09:57,11.86,Woodhouse Lane Car Park,APT 7kW Dual Outlet
1714501,User 155,70201,1,21/05/2016,21:43,22/05/2016,09:55,0,Woodhouse Lane Car Park,APT 7kW Dual Outlet
1714771,User 149,70203,2,22/05/2016,09:53,23/05/2016,08:10,0,Woodhouse Lane Car Park,APT 7kW Dual Outlet
1715698,User 85,70203,1,23/05/2016,06:53,23/05/2016,11:09,0,Woodhouse Lane Car Park,APT 7kW Dual Outlet
1715807,User 644,70206,1,23/05/2016,07:58,23/05/2016,12:05,15.72,Elland Road Park and Ride,APT 7kW Dual Outlet
1715820,User 645,70208,1,23/05/2016,08:03,23/05/2016,17:45,5.21,Elland Road Park and Ride,APT 7kW Dual Outlet
1715958,User 143,70206,2,23/05/2016,08:58,23/05/2016,08:58,0,Elland Road Park and Ride,APT 7kW Dual Outlet
1715966,User 143,70207,2,23/05/2016,09:01,23/05/2016,17:14,2.89,Elland Road Park and Ride,APT 7kW Dual Outlet
1716897,User 154,70200,1,23/05/2016,16:35,24/05/2016,08:35,18.71,Woodhouse Lane Car Park,APT 7kW Dual Outlet
1717344,User 152,70203,1,23/05/2016,20:04,24/05/2016,08:17,0,Woodhouse Lane Car Park,APT 7kW Dual Outlet
1717561,User 164,70201,2,24/05/2016,06:50,24/05/2016,15:09,0,Woodhouse Lane Car Park,APT 7kW Dual Outlet
1717671,User 645,70208,1,24/05/2016,07:45,24/05/2016,17:52,4.9,Elland Road Park and Ride,APT 7kW Dual Outlet
1718875,User 154,70200,1,24/05/2016,16:37,24/05/2016,21:15,12.77,Woodhouse Lane Car Park,APT 7kW Dual Outlet
1718880,User 149,70201,2,24/05/2016,16:42,25/05/2016,08:15,0,Woodhouse Lane Car Park,APT 7kW Dual Outlet
1718900,User 148,70203,1,24/05/2016,16:52,24/05/2016,18:12,0,Woodhouse Lane Car Park,APT 7kW Dual Outlet
1719006,User 148,70203,1,24/05/2016,18:14,24/05/2016,18:15,0,Woodhouse Lane Car Park,APT 7kW Dual Outlet
1719020,User 148,70203,1,24/05/2016,18:26,24/05/2016,21:07,0,Woodhouse Lane Car Park,APT 7kW Dual Outlet
1719329,User 155,70203,1,24/05/2016,21:12,25/05/2016,08:09,0,Woodhouse Lane Car Park,APT 7kW Dual Outlet
1719334,User 153,70200,1,24/05/2016,21:24,25/05/2016,09:23,20.83,Woodhouse Lane Car Park,APT 7kW Dual Outlet
1719487,User 85,70203,2,25/05/2016,06:56,25/05/2016,12:47,0,Woodhouse Lane Car Park,APT 7kW Dual Outlet
1719646,User 152,70201,1,25/05/2016,08:15,25/05/2016,11:07,0,Woodhouse Lane Car Park,APT 7kW Dual Outlet
1720480,User 152,70203,1,25/05/2016,13:49,25/05/2016,16:37,0,Woodhouse Lane Car Park,APT 7kW Dual Outlet
1720718,User 644,70206,1,25/05/2016,15:56,25/05/2016,19:17,18.97,Elland Road Park and Ride,APT 7kW Dual Outlet
1720790,User 154,70200,2,25/05/2016,16:33,25/05/2016,21:37,16.36,Woodhouse Lane Car Park,APT 7kW Dual Outlet
1720803,User 153,70201,2,25/05/2016,16:40,25/05/2016,21:44,0,Woodhouse Lane Car Park,APT 7kW Dual Outlet
1721006,User 149,70203,1,25/05/2016,18:49,26/05/2016,08:20,0,Woodhouse Lane Car Park,APT 7kW Dual Outlet
1721295,User 155,70200,2,25/05/2016,21:42,26/05/2016,08:10,14.24,Woodhouse Lane Car Park,APT 7kW Dual Outlet
1721298,User 156,70201,2,25/05/2016,21:48,26/05/2016,09:31,0,Woodhouse Lane Car Park,APT 7kW Dual Outlet
1721463,User 85,70203,2,26/05/2016,06:53,26/05/2016,12:18,0,Woodhouse Lane Car Park,APT 7kW Dual Outlet
1721521,User 106,70200,1,26/05/2016,07:24,26/05/2016,18:30,5.53,Woodhouse Lane Car Park,APT 7kW Dual Outlet
1721528,User 645,70208,1,26/05/2016,07:27,26/05/2016,17:47,5.32,Elland Road Park and Ride,APT 7kW Dual Outlet
1721661,User 148,70203,1,26/05/2016,08:34,26/05/2016,18:39,0,Woodhouse Lane Car Park,APT 7kW Dual Outlet
1721731,User 143,70207,2,26/05/2016,08:59,26/05/2016,17:09,11.45,Elland Road Park and Ride,APT 7kW Dual Outlet
1722734,User 644,70206,2,26/05/2016,16:05,26/05/2016,20:27,7.66,Elland Road Park and Ride,APT 7kW Dual Outlet
1722771,User 153,70201,2,26/05/2016,16:24,26/05/2016,21:35,0,Woodhouse Lane Car Park,APT 7kW Dual Outlet
1722877,User 156,70200,2,26/05/2016,17:27,26/05/2016,21:27,6.7,Woodhouse Lane Car Park,APT 7kW Dual Outlet
1722969,User 148,70203,1,26/05/2016,18:41,26/05/2016,21:40,0,Woodhouse Lane Car Park,APT 7kW Dual Outlet
1723299,User 154,70200,1,26/05/2016,21:31,27/05/2016,08:08,17.95,Woodhouse Lane Car Park,APT 7kW Dual Outlet
1723303,User 152,70201,1,26/05/2016,21:38,27/05/2016,08:10,0,Woodhouse Lane Car Park,APT 7kW Dual Outlet
1723306,User 155,70203,1,26/05/2016,21:44,27/05/2016,08:08,0,Woodhouse Lane Car Park,APT 7kW Dual Outlet
1723490,User 652,70205,1,27/05/2016,07:03,27/05/2016,18:15,22.65,Elland Road Park and Ride,APT 7kW Dual Outlet
1723510,User 106,70200,2,27/05/2016,07:18,27/05/2016,15:22,7.29,Woodhouse Lane Car Park,APT 7kW Dual Outlet
1723610,User 149,70203,1,27/05/2016,08:17,27/05/2016,10:22,0,Woodhouse Lane Car Park,APT 7kW Dual Outlet
1723706,User 143,70207,2,27/05/2016,08:54,27/05/2016,15:55,7.1,Elland Road Park and Ride,APT 7kW Dual Outlet
1723971,User 167,70200,1,27/05/2016,11:26,27/05/2016,11:31,0,Woodhouse Lane Car Park,APT 7kW Dual Outlet
1723977,User 167,70201,1,27/05/2016,11:31,27/05/2016,11:32,0,Woodhouse Lane Car Park,APT 7kW Dual Outlet
1723981,User 167,70203,1,27/05/2016,11:32,27/05/2016,11:33,0,Woodhouse Lane Car Park,APT 7kW Dual Outlet
1723986,User 167,70204,2,27/05/2016,11:37,27/05/2016,11:38,0.02,Woodhouse Lane Car Park,APT 7kW Dual Outlet
1723989,User 167,70204,1,27/05/2016,11:38,27/05/2016,11:38,0.01,Woodhouse Lane Car Park,APT 7kW Dual Outlet
1724006,User 167,70200,1,27/05/2016,11:49,27/05/2016,11:49,0.01,Woodhouse Lane Car Park,APT 7kW Dual Outlet
1724081,User 153,70203,1,27/05/2016,12:31,27/05/2016,12:32,0,Woodhouse Lane Car Park,APT 7kW Dual Outlet
1724085,User 153,70203,1,27/05/2016,12:33,27/05/2016,12:40,0,Woodhouse Lane Car Park,APT 7kW Dual Outlet
1724086,User 167,70203,2,27/05/2016,12:33,27/05/2016,12:41,0,Woodhouse Lane Car Park,APT 7kW Dual Outlet
1724136,User 153,70201,1,27/05/2016,12:56,27/05/2016,18:18,0,Woodhouse Lane Car Park,APT 7kW Dual Outlet
1724146,User 148,70203,1,27/05/2016,12:59,27/05/2016,16:46,0,Woodhouse Lane Car Park,APT 7kW Dual Outlet
1724872,User 155,70204,2,27/05/2016,18:13,28/05/2016,08:14,11.72,Woodhouse Lane Car Park,APT 7kW Dual Outlet
1724874,User 148,70203,1,27/05/2016,18:16,27/05/2016,21:00,0,Woodhouse Lane Car Park,APT 7kW Dual Outlet
1724900,User 152,70200,1,27/05/2016,18:33,27/05/2016,22:00,6.84,Woodhouse Lane Car Park,APT 7kW Dual Outlet
1725145,User 149,70201,1,27/05/2016,20:06,29/05/2016,09:50,0,Woodhouse Lane Car Park,APT 7kW Dual Outlet
1725196,User 156,70203,2,27/05/2016,21:11,28/05/2016,09:14,0,Woodhouse Lane Car Park,APT 7kW Dual Outlet
1726163,User 153,70203,1,28/05/2016,16:22,31/05/2016,08:15,0,Woodhouse Lane Car Park,APT 7kW Dual Outlet
1726173,User 148,70200,1,28/05/2016,16:31,29/05/2016,09:55,12.18,Woodhouse Lane Car Park,APT 7kW Dual Outlet
1726867,User 156,70204,1,29/05/2016,09:49,29/05/2016,18:44,13.02,Woodhouse Lane Car Park,APT 7kW Dual Outlet
1726870,User 155,70201,2,29/05/2016,09:54,29/05/2016,18:49,0,Woodhouse Lane Car Park,APT 7kW Dual Outlet
1726882,User 154,70200,2,29/05/2016,10:00,29/05/2016,18:50,16.65,Woodhouse Lane Car Park,APT 7kW Dual Outlet
1727283,User 64,70204,2,29/05/2016,15:02,29/05/2016,19:34,14.87,Woodhouse Lane Car Park,APT 7kW Dual Outlet
1727466,User 152,70204,1,29/05/2016,18:47,29/05/2016,21:02,1.22,Woodhouse Lane Car Park,APT 7kW Dual Outlet
1728731,User 163,70204,2,30/05/2016,18:31,30/05/2016,20:41,7.17,Woodhouse Lane Car Park,APT 7kW Dual Outlet
1729112,User 164,70204,2,31/05/2016,06:44,31/05/2016,15:46,7.82,Woodhouse Lane Car Park,APT 7kW Dual Outlet
1729296,User 143,70207,2,31/05/2016,08:37,31/05/2016,16:23,3.05,Elland Road Park and Ride,APT 7kW Dual Outlet
1729629,User 161,70201,1,31/05/2016,11:40,31/05/2016,15:18,0,Woodhouse Lane Car Park,APT 7kW Dual Outlet
1730349,User 154,70200,1,31/05/2016,16:27,01/06/2016,08:08,18.49,Woodhouse Lane Car Park,APT 7kW Dual Outlet
1730361,User 153,70201,1,31/05/2016,16:42,31/05/2016,17:02,0,Woodhouse Lane Car Park,APT 7kW Dual Outlet
1730369,User 152,70203,1,31/05/2016,16:45,31/05/2016,18:43,0,Woodhouse Lane Car Park,APT 7kW Dual Outlet
1730370,User 155,70200,2,31/05/2016,16:45,01/06/2016,08:12,19.38,Woodhouse Lane Car Park,APT 7kW Dual Outlet
1730402,User 148,70201,1,31/05/2016,17:03,31/05/2016,17:04,0,Woodhouse Lane Car Park,APT 7kW Dual Outlet
1730410,User 148,70201,2,31/05/2016,17:06,31/05/2016,20:39,0,Woodhouse Lane Car Park,APT 7kW Dual Outlet
1730548,User 152,70203,1,31/05/2016,18:45,01/06/2016,08:14,0,Woodhouse Lane Car Park,APT 7kW Dual Outlet
1730828,User 153,70201,1,31/05/2016,20:43,01/06/2016,08:28,0,Woodhouse Lane Car Park,APT 7kW Dual Outlet
1731051,User 85,70204,2,01/06/2016,07:33,01/06/2016,13:11,15.33,Woodhouse Lane Car Park,APT 7kW Dual Outlet
1731164,User 143,70207,2,01/06/2016,08:44,01/06/2016,16:42,6.75,Elland Road Park and Ride,APT 7kW Dual Outlet
1731225,User 646,70208,2,01/06/2016,09:07,01/06/2016,18:29,5.89,Elland Road Park and Ride,APT 7kW Dual Outlet
1732279,User 154,70203,1,01/06/2016,16:28,01/06/2016,20:31,0,Woodhouse Lane Car Park,APT 7kW Dual Outlet
1732344,User 149,70200,1,01/06/2016,17:03,01/06/2016,17:03,0,Woodhouse Lane Car Park,APT 7kW Dual Outlet
1732346,User 149,70200,1,01/06/2016,17:03,02/06/2016,08:07,22.88,Woodhouse Lane Car Park,APT 7kW Dual Outlet
1732353,User 148,70201,1,01/06/2016,17:10,01/06/2016,20:38,0,Woodhouse Lane Car Park,APT 7kW Dual Outlet
1732739,User 152,70204,2,01/06/2016,20:30,02/06/2016,08:05,17.51,Woodhouse Lane Car Park,APT 7kW Dual Outlet
1732743,User 156,70203,2,01/06/2016,20:36,02/06/2016,08:03,0,Woodhouse Lane Car Park,APT 7kW Dual Outlet
1732748,User 153,70201,2,01/06/2016,20:43,02/06/2016,07:57,0,Woodhouse Lane Car Park,APT 7kW Dual Outlet
1732753,User 155,70202,1,01/06/2016,20:45,02/06/2016,08:02,7.89,Woodhouse Lane Car Park,APT 7kW Dual Outlet
1733146,User 643,70205,2,02/06/2016,08:14,02/06/2016,17:45,15.71,Elland Road Park and Ride,APT 7kW Dual Outlet
1733220,User 143,70207,2,02/06/2016,08:46,02/06/2016,16:47,7.16,Elland Road Park and Ride,APT 7kW Dual Outlet
1733258,User 646,70208,2,02/06/2016,08:58,02/06/2016,18:05,6.46,Elland Road Park and Ride,APT 7kW Dual Outlet
1733393,User 40,70206,2,02/06/2016,10:20,02/06/2016,10:21,0.04,Elland Road Park and Ride,APT 7kW Dual Outlet
1733399,User 40,70206,2,02/06/2016,10:23,02/06/2016,10:24,0.02,Elland Road Park and Ride,APT 7kW Dual Outlet
1733426,User 40,70206,2,02/06/2016,10:38,02/06/2016,10:39,0.08,Elland Road Park and Ride,APT 7kW Dual Outlet
1733434,User 40,70206,2,02/06/2016,10:41,02/06/2016,10:43,0.05,Elland Road Park and Ride,APT 7kW Dual Outlet
1734029,User 154,70200,1,02/06/2016,16:33,02/06/2016,21:35,14.06,Woodhouse Lane Car Park,APT 7kW Dual Outlet
1734050,User 153,70202,1,02/06/2016,16:44,03/06/2016,08:05,14.62,Woodhouse Lane Car Park,APT 7kW Dual Outlet
1734081,User 148,70204,1,02/06/2016,17:00,03/06/2016,09:48,17.17,Woodhouse Lane Car Park,APT 7kW Dual Outlet
1734751,User 156,70201,1,02/06/2016,18:54,03/06/2016,08:08,0,Woodhouse Lane Car Park,APT 7kW Dual Outlet
1734753,User 155,70203,1,02/06/2016,18:56,03/06/2016,09:36,0,Woodhouse Lane Car Park,APT 7kW Dual Outlet
1735265,User 149,70200,1,02/06/2016,21:37,03/06/2016,08:09,13,Woodhouse Lane Car Park,APT 7kW Dual Outlet
1735435,User 85,70204,2,03/06/2016,06:54,03/06/2016,16:11,15.65,Woodhouse Lane Car Park,APT 7kW Dual Outlet
1735533,User 84,70200,2,03/06/2016,07:16,03/06/2016,07:17,0.02,Woodhouse Lane Car Park,APT 7kW Dual Outlet
1735536,User 84,70201,2,03/06/2016,07:17,03/06/2016,15:08,0,Woodhouse Lane Car Park,APT 7kW Dual Outlet
1735718,User 143,70207,2,03/06/2016,08:53,03/06/2016,16:14,7.17,Elland Road Park and Ride,APT 7kW Dual Outlet
1736354,User 167,70202,1,03/06/2016,12:08,03/06/2016,12:08,0.01,Woodhouse Lane Car Park,APT 7kW Dual Outlet
1736355,User 167,70202,2,03/06/2016,12:08,03/06/2016,12:08,0,Woodhouse Lane Car Park,APT 7kW Dual Outlet
1737073,User 154,70200,1,03/06/2016,16:19,03/06/2016,19:39,11.81,Woodhouse Lane Car Park,APT 7kW Dual Outlet
1737103,User 152,70202,1,03/06/2016,16:41,04/06/2016,08:09,15.86,Woodhouse Lane Car Park,APT 7kW Dual Outlet
1737207,User 148,70204,2,03/06/2016,17:45,04/06/2016,08:26,14.88,Woodhouse Lane Car Park,APT 7kW Dual Outlet
1737219,User 649,70206,2,03/06/2016,17:54,03/06/2016,18:51,3.6,Elland Road Park and Ride,APT 7kW Dual Outlet
1737228,User 155,70201,1,03/06/2016,18:03,04/06/2016,08:07,0,Woodhouse Lane Car Park,APT 7kW Dual Outlet
1737541,User 149,70200,1,03/06/2016,19:52,04/06/2016,08:10,8.49,Woodhouse Lane Car Park,APT 7kW Dual Outlet
1737793,User 85,70203,1,04/06/2016,06:56,04/06/2016,13:27,0,Woodhouse Lane Car Park,APT 7kW Dual Outlet
1738181,User 84,70203,2,04/06/2016,12:51,04/06/2016,14:10,0,Woodhouse Lane Car Park,APT 7kW Dual Outlet
1738520,User 64,70206,2,04/06/2016,15:20,04/06/2016,17:45,13.01,Elland Road Park and Ride,APT 7kW Dual Outlet
1738598,User 156,70204,1,04/06/2016,16:32,04/06/2016,22:47,12.14,Woodhouse Lane Car Park,APT 7kW Dual Outlet
1738615,User 149,70201,1,04/06/2016,16:46,04/06/2016,22:46,0,Woodhouse Lane Car Park,APT 7kW Dual Outlet
1738626,User 154,70203,1,04/06/2016,16:48,04/06/2016,22:49,0,Woodhouse Lane Car Park,APT 7kW Dual Outlet
1738627,User 148,70203,2,04/06/2016,16:54,04/06/2016,22:47,0,Woodhouse Lane Car Park,APT 7kW Dual Outlet
1738911,User 163,70204,2,04/06/2016,19:03,04/06/2016,20:30,5.74,Woodhouse Lane Car Park,APT 7kW Dual Outlet
1739055,User 155,70200,1,04/06/2016,22:43,05/06/2016,00:48,7.31,Woodhouse Lane Car Park,APT 7kW Dual Outlet
1739798,User 148,70204,2,05/06/2016,16:26,06/06/2016,08:26,10.12,Woodhouse Lane Car Park,APT 7kW Dual Outlet
1740320,User 85,70204,1,06/06/2016,06:49,06/06/2016,12:16,9.39,Woodhouse Lane Car Park,APT 7kW Dual Outlet
1740439,User 645,70208,1,06/06/2016,07:45,06/06/2016,18:03,4.9,Elland Road Park and Ride,APT 7kW Dual Outlet
1741587,User 156,70204,2,06/06/2016,16:36,06/06/2016,16:41,0.31,Woodhouse Lane Car Park,APT 7kW Dual Outlet
1741593,User 149,70204,2,06/06/2016,16:42,06/06/2016,16:42,0,Woodhouse Lane Car Park,APT 7kW Dual Outlet
1741595,User 149,70203,2,06/06/2016,16:43,06/06/2016,19:08,0,Woodhouse Lane Car Park,APT 7kW Dual Outlet
1741615,User 154,70203,1,06/06/2016,16:52,07/06/2016,08:09,0,Woodhouse Lane Car Park,APT 7kW Dual Outlet
1741640,User 148,70204,1,06/06/2016,17:11,06/06/2016,19:04,6.74,Woodhouse Lane Car Park,APT 7kW Dual Outlet
1741781,User 614,70200,1,06/06/2016,18:58,07/06/2016,08:11,7.8,Woodhouse Lane Car Park,APT 7kW Dual Outlet
1741913,User 613,70202,1,06/06/2016,19:02,07/06/2016,19:57,13.9,Woodhouse Lane Car Park,APT 7kW Dual Outlet
1741998,User 618,70204,1,06/06/2016,19:06,06/06/2016,21:22,2.94,Woodhouse Lane Car Park,APT 7kW Dual Outlet
1742002,User 615,70203,2,06/06/2016,19:09,07/06/2016,08:15,0,Woodhouse Lane Car Park,APT 7kW Dual Outlet
1742076,User 612,70201,1,06/06/2016,20:48,07/06/2016,08:16,0,Woodhouse Lane Car Park,APT 7kW Dual Outlet
1743593,User 622,70204,2,07/06/2016,16:45,08/06/2016,09:35,15.7,Woodhouse Lane Car Park,APT 7kW Dual Outlet
1743596,User 154,70204,1,07/06/2016,16:45,07/06/2016,19:53,4.43,Woodhouse Lane Car Park,APT 7kW Dual Outlet
1744022,User 615,70200,1,07/06/2016,19:47,08/06/2016,08:22,14.53,Woodhouse Lane Car Park,APT 7kW Dual Outlet
1744067,User 152,70201,1,07/06/2016,20:46,08/06/2016,07:25,0,Woodhouse Lane Car Park,APT 7kW Dual Outlet
1745575,User 148,70204,1,08/06/2016,16:30,08/06/2016,18:43,7.96,Woodhouse Lane Car Park,APT 7kW Dual Outlet
1745599,User 149,70202,1,08/06/2016,16:43,09/06/2016,08:12,8.87,Woodhouse Lane Car Park,APT 7kW Dual Outlet
1745663,User 622,70200,1,08/06/2016,17:11,09/06/2016,09:29,21.11,Woodhouse Lane Car Park,APT 7kW Dual Outlet
1745760,User 148,70204,1,08/06/2016,18:44,09/06/2016,08:12,4.2,Woodhouse Lane Car Park,APT 7kW Dual Outlet
1745765,User 152,70201,1,08/06/2016,18:46,09/06/2016,08:12,0,Woodhouse Lane Car Park,APT 7kW Dual Outlet
1746430,User 645,70208,1,09/06/2016,07:57,09/06/2016,17:02,5.49,Elland Road Park and Ride,APT 7kW Dual Outlet
1747602,User 156,70202,1,09/06/2016,16:43,10/06/2016,08:12,16.8,Woodhouse Lane Car Park,APT 7kW Dual Outlet
1747651,User 148,70204,1,09/06/2016,17:11,10/06/2016,06:37,18.75,Woodhouse Lane Car Park,APT 7kW Dual Outlet
1747672,User 622,70203,1,09/06/2016,17:25,10/06/2016,09:24,0,Woodhouse Lane Car Park,APT 7kW Dual Outlet
1747770,User 155,70201,2,09/06/2016,18:58,10/06/2016,08:27,0,Woodhouse Lane Car Park,APT 7kW Dual Outlet
1748120,User 148,70200,2,09/06/2016,21:56,10/06/2016,08:21,0.29,Woodhouse Lane Car Park,APT 7kW Dual Outlet
1748296,User 85,70204,2,10/06/2016,06:37,10/06/2016,11:06,12.75,Woodhouse Lane Car Park,APT 7kW Dual Outlet
1748305,User 652,70205,1,10/06/2016,06:59,10/06/2016,18:19,15.11,Elland Road Park and Ride,APT 7kW Dual Outlet
1748409,User 645,70208,1,10/06/2016,07:38,10/06/2016,16:55,4.94,Elland Road Park and Ride,APT 7kW Dual Outlet
1749561,User 622,70202,1,10/06/2016,16:26,10/06/2016,21:58,17.2,Woodhouse Lane Car Park,APT 7kW Dual Outlet
1749563,User 612,70204,1,10/06/2016,16:28,10/06/2016,21:37,7.88,Woodhouse Lane Car Park,APT 7kW Dual Outlet
1749565,User 618,70204,2,10/06/2016,16:29,10/06/2016,21:35,10.52,Woodhouse Lane Car Park,APT 7kW Dual Outlet
1749578,User 149,70202,2,10/06/2016,16:43,10/06/2016,21:50,10.86,Woodhouse Lane Car Park,APT 7kW Dual Outlet
1749745,User 156,70201,1,10/06/2016,18:29,10/06/2016,21:46,0,Woodhouse Lane Car Park,APT 7kW Dual Outlet
1750229,User 85,70204,2,11/06/2016,06:52,11/06/2016,11:12,11.14,Woodhouse Lane Car Park,APT 7kW Dual Outlet
1750290,User 643,70205,2,11/06/2016,08:04,11/06/2016,13:40,18.88,Elland Road Park and Ride,APT 7kW Dual Outlet
1750374,User 36,70201,1,11/06/2016,09:52,11/06/2016,12:39,0,Woodhouse Lane Car Park,APT 7kW Dual Outlet
1750891,User 64,70206,1,11/06/2016,14:38,11/06/2016,16:47,11.93,Elland Road Park and Ride,APT 7kW Dual Outlet
1751304,User 154,70202,1,11/06/2016,19:34,12/06/2016,00:11,0.34,Woodhouse Lane Car Park,APT 7kW Dual Outlet
1751309,User 149,70203,1,11/06/2016,19:40,12/06/2016,00:17,0,Woodhouse Lane Car Park,APT 7kW Dual Outlet
1751313,User 152,70204,1,11/06/2016,19:43,13/06/2016,08:00,0.28,Woodhouse Lane Car Park,APT 7kW Dual Outlet
1751451,User 156,70201,1,12/06/2016,00:15,13/06/2016,08:02,0,Woodhouse Lane Car Park,APT 7kW Dual Outlet
1751459,User 148,70203,2,12/06/2016,00:23,13/06/2016,08:02,0,Woodhouse Lane Car Park,APT 7kW Dual Outlet
1752725,User 106,70200,1,13/06/2016,07:14,13/06/2016,18:02,7.25,Woodhouse Lane Car Park,APT 7kW Dual Outlet
1752774,User 163,70200,2,13/06/2016,07:48,13/06/2016,17:52,19.04,Woodhouse Lane Car Park,APT 7kW Dual Outlet
1752871,User 44,70203,1,13/06/2016,08:31,13/06/2016,08:31,0,Woodhouse Lane Car Park,APT 7kW Dual Outlet
1752895,User 44,70203,2,13/06/2016,08:36,13/06/2016,09:51,0,Woodhouse Lane Car Park,APT 7kW Dual Outlet
1752983,User 143,70207,2,13/06/2016,09:03,13/06/2016,17:12,2.85,Elland Road Park and Ride,APT 7kW Dual Outlet
1753996,User 622,70204,2,13/06/2016,16:25,,,,Woodhouse Lane Car Park,APT 7kW Dual Outlet
1754023,User 612,70204,1,13/06/2016,16:42,13/06/2016,20:51,9.36,Woodhouse Lane Car Park,APT 7kW Dual Outlet
1754175,User 621,70203,1,13/06/2016,18:21,,,,Woodhouse Lane Car Park,APT 7kW Dual Outlet
1754180,User 148,70202,2,13/06/2016,18:28,14/06/2016,08:18,11.04,Woodhouse Lane Car Park,APT 7kW Dual Outlet
1754189,User 613,70200,1,13/06/2016,18:37,14/06/2016,08:10,-61.21,Woodhouse Lane Car Park,APT 7kW Dual Outlet
1754192,User 156,70201,1,13/06/2016,18:39,14/06/2016,08:06,0,Woodhouse Lane Car Park,APT 7kW Dual Outlet
1754431,User 149,70200,2,13/06/2016,19:35,14/06/2016,08:24,-72.82,Woodhouse Lane Car Park,APT 7kW Dual Outlet
1754694,User 84,70201,2,14/06/2016,07:04,14/06/2016,13:00,0,Woodhouse Lane Car Park,APT 7kW Dual Outlet
1754833,User 85,70203,1,14/06/2016,08:16,14/06/2016,14:20,0,Woodhouse Lane Car Park,APT 7kW Dual Outlet
1754961,User 143,70207,2,14/06/2016,09:00,14/06/2016,18:38,2.85,Elland Road Park and Ride,APT 7kW Dual Outlet
1755988,User 149,70201,2,14/06/2016,16:38,14/06/2016,16:39,0,Woodhouse Lane Car Park,APT 7kW Dual Outlet
1755990,User 149,70202,2,14/06/2016,16:39,14/06/2016,21:38,9.27,Woodhouse Lane Car Park,APT 7kW Dual Outlet
1756024,User 613,70203,1,14/06/2016,16:57,14/06/2016,21:33,0,Woodhouse Lane Car Park,APT 7kW Dual Outlet
1756027,User 148,70201,1,14/06/2016,16:59,14/06/2016,21:46,6.67,Woodhouse Lane Car Park,APT 7kW Dual Outlet
1756102,User 622,70200,1,14/06/2016,17:40,14/06/2016,22:38,14.24,Woodhouse Lane Car Park,APT 7kW Dual Outlet
1756493,User 614,70203,1,14/06/2016,21:36,15/06/2016,08:10,0,Woodhouse Lane Car Park,APT 7kW Dual Outlet
1756496,User 619,70202,1,14/06/2016,21:43,15/06/2016,08:08,18.44,Woodhouse Lane Car Park,APT 7kW Dual Outlet
1756502,User 621,70201,1,14/06/2016,21:54,15/06/2016,08:15,10.37,Woodhouse Lane Car Park,APT 7kW Dual Outlet
1756516,User 612,70200,1,14/06/2016,22:44,15/06/2016,09:26,10.38,Woodhouse Lane Car Park,APT 7kW Dual Outlet
1756736,User 106,70200,2,15/06/2016,07:20,15/06/2016,15:40,7.26,Woodhouse Lane Car Park,APT 7kW Dual Outlet
1756942,User 143,70207,2,15/06/2016,08:55,15/06/2016,08:55,0,Elland Road Park and Ride,APT 7kW Dual Outlet
1756944,User 143,70207,2,15/06/2016,08:55,15/06/2016,18:30,6.1,Elland Road Park and Ride,APT 7kW Dual Outlet
1758160,User 644,70206,2,15/06/2016,15:58,15/06/2016,18:24,16.07,Elland Road Park and Ride,APT 7kW Dual Outlet
1758180,User 157,70203,2,15/06/2016,16:05,15/06/2016,18:59,0,Woodhouse Lane Car Park,APT 7kW Dual Outlet
1758255,User 621,70201,1,15/06/2016,16:48,15/06/2016,19:10,7.81,Woodhouse Lane Car Park,APT 7kW Dual Outlet
1758311,User 148,70202,2,15/06/2016,17:15,16/06/2016,08:16,13.71,Woodhouse Lane Car Park,APT 7kW Dual Outlet
1758742,User 613,70203,2,15/06/2016,19:03,16/06/2016,09:44,0,Woodhouse Lane Car Park,APT 7kW Dual Outlet
1758847,User 149,70200,1,15/06/2016,19:08,16/06/2016,08:13,9.7,Woodhouse Lane Car Park,APT 7kW Dual Outlet
1758865,User 622,70200,2,15/06/2016,19:21,16/06/2016,09:26,13.28,Woodhouse Lane Car Park,APT 7kW Dual Outlet
1758869,User 612,70201,1,15/06/2016,19:26,16/06/2016,09:24,12.66,Woodhouse Lane Car Park,APT 7kW Dual Outlet
1758877,User 614,70203,1,15/06/2016,19:35,16/06/2016,08:23,0,Woodhouse Lane Car Park,APT 7kW Dual Outlet
1758974,User 168,70202,1,15/06/2016,23:29,17/06/2016,17:33,12.17,Woodhouse Lane Car Park,APT 7kW Dual Outlet
1759588,User 143,70207,2,16/06/2016,09:01,16/06/2016,16:31,7.19,Elland Road Park and Ride,APT 7kW Dual Outlet
1759682,User 85,70203,1,16/06/2016,09:42,16/06/2016,15:29,0,Woodhouse Lane Car Park,APT 7kW Dual Outlet
1759747,User 164,70200,1,16/06/2016,10:23,16/06/2016,15:25,6.39,Woodhouse Lane Car Park,APT 7kW Dual Outlet
1759935,User 613,70203,2,16/06/2016,12:34,16/06/2016,18:20,0,Woodhouse Lane Car Park,APT 7kW Dual Outlet
1760672,User 619,70203,1,16/06/2016,16:38,17/06/2016,08:03,0,Woodhouse Lane Car Park,APT 7kW Dual Outlet
1760816,User 615,70201,1,16/06/2016,18:17,17/06/2016,08:08,11.92,Woodhouse Lane Car Park,APT 7kW Dual Outlet
1760822,User 622,70201,2,16/06/2016,18:20,17/06/2016,08:03,5.86,Woodhouse Lane Car Park,APT 7kW Dual Outlet
1760824,User 613,70203,2,16/06/2016,18:21,17/06/2016,20:42,0,Woodhouse Lane Car Park,APT 7kW Dual Outlet
1760837,User 618,70200,2,16/06/2016,18:30,17/06/2016,08:14,12.66,Woodhouse Lane Car Park,APT 7kW Dual Outlet
1760847,User 614,70200,1,16/06/2016,18:45,17/06/2016,09:18,6.91,Woodhouse Lane Car Park,APT 7kW Dual Outlet
1760865,User 612,70202,2,16/06/2016,18:59,17/06/2016,08:10,7.96,Woodhouse Lane Car Park,APT 7kW Dual Outlet
1761381,User 652,70205,1,17/06/2016,07:02,17/06/2016,18:16,19.29,Elland Road Park and Ride,APT 7kW Dual Outlet
1761481,User 645,70208,1,17/06/2016,07:49,17/06/2016,17:59,5.71,Elland Road Park and Ride,APT 7kW Dual Outlet
1761714,User 621,70203,1,17/06/2016,09:27,17/06/2016,10:21,0,Woodhouse Lane Car Park,APT 7kW Dual Outlet
1762691,User 614,70200,2,17/06/2016,16:16,18/06/2016,08:06,8.23,Woodhouse Lane Car Park,APT 7kW Dual Outlet
1762692,User 621,70200,1,17/06/2016,16:16,18/06/2016,08:01,15.13,Woodhouse Lane Car Park,APT 7kW Dual Outlet
1762736,User 619,70201,1,17/06/2016,16:43,18/06/2016,08:01,10.53,Woodhouse Lane Car Park,APT 7kW Dual Outlet
1762745,User 615,70202,2,17/06/2016,16:46,18/06/2016,08:01,11.82,Woodhouse Lane Car Park,APT 7kW Dual Outlet
1762809,User 148,70201,2,17/06/2016,17:33,18/06/2016,08:07,6.37,Woodhouse Lane Car Park,APT 7kW Dual Outlet
1763191,User 152,70203,2,17/06/2016,20:46,18/06/2016,06:44,0,Woodhouse Lane Car Park,APT 7kW Dual Outlet
1763198,User 622,70203,1,17/06/2016,20:52,18/06/2016,08:01,0,Woodhouse Lane Car Park,APT 7kW Dual Outlet
1763577,User 163,70203,2,18/06/2016,10:01,18/06/2016,13:44,0,Woodhouse Lane Car Park,APT 7kW Dual Outlet
1764122,User 118,70200,2,18/06/2016,14:20,18/06/2016,18:01,5.31,Woodhouse Lane Car Park,APT 7kW Dual Outlet
1764248,User 622,70200,1,18/06/2016,16:24,21/06/2016,08:03,18.67,Woodhouse Lane Car Park,APT 7kW Dual Outlet
1764268,User 621,70201,2,18/06/2016,16:35,20/06/2016,08:04,14.24,Woodhouse Lane Car Park,APT 7kW Dual Outlet
1764274,User 619,70203,1,18/06/2016,16:38,18/06/2016,20:13,0,Woodhouse Lane Car Park,APT 7kW Dual Outlet
1764688,User 612,70203,2,18/06/2016,20:11,20/06/2016,08:15,0,Woodhouse Lane Car Park,APT 7kW Dual Outlet
1764691,User 619,70202,2,18/06/2016,20:13,20/06/2016,07:58,0.26,Woodhouse Lane Car Park,APT 7kW Dual Outlet
1764695,User 149,70203,1,18/06/2016,20:18,20/06/2016,08:03,0,Woodhouse Lane Car Park,APT 7kW Dual Outlet
1764698,User 156,70202,1,18/06/2016,20:23,20/06/2016,08:02,7.95,Woodhouse Lane Car Park,APT 7kW Dual Outlet
1764701,User 613,70200,2,18/06/2016,20:28,20/06/2016,08:24,13.32,Woodhouse Lane Car Park,APT 7kW Dual Outlet
1764706,User 618,70201,1,18/06/2016,20:34,19/06/2016,08:43,9.66,Woodhouse Lane Car Park,APT 7kW Dual Outlet
1765213,User 148,70201,1,19/06/2016,12:35,21/06/2016,08:01,4.84,Woodhouse Lane Car Park,APT 7kW Dual Outlet
1766191,User 643,70205,2,20/06/2016,07:55,20/06/2016,17:34,11.67,Elland Road Park and Ride,APT 7kW Dual Outlet
1766358,User 143,70207,2,20/06/2016,08:52,20/06/2016,17:27,5.64,Elland Road Park and Ride,APT 7kW Dual Outlet
1766555,User 153,70202,2,20/06/2016,10:55,20/06/2016,18:44,14.34,Woodhouse Lane Car Park,APT 7kW Dual Outlet
1767440,User 619,70203,1,20/06/2016,16:39,21/06/2016,07:59,0,Woodhouse Lane Car Park,APT 7kW Dual Outlet
1767456,User 621,70203,2,20/06/2016,16:45,21/06/2016,09:21,0,Woodhouse Lane Car Park,APT 7kW Dual Outlet
1767636,User 153,70202,2,20/06/2016,18:47,20/06/2016,21:41,0.17,Woodhouse Lane Car Park,APT 7kW Dual Outlet
1767642,User 613,70200,2,20/06/2016,18:55,21/06/2016,08:05,13.59,Woodhouse Lane Car Park,APT 7kW Dual Outlet
1767735,User 615,70201,2,20/06/2016,19:02,21/06/2016,08:36,14.41,Woodhouse Lane Car Park,APT 7kW Dual Outlet
1767963,User 152,70202,1,20/06/2016,21:45,21/06/2016,09:26,7.99,Woodhouse Lane Car Park,APT 7kW Dual Outlet
1768210,User 84,70202,2,21/06/2016,07:12,21/06/2016,11:58,13.41,Woodhouse Lane Car Park,APT 7kW Dual Outlet
1768295,User 643,70205,1,21/06/2016,08:06,21/06/2016,17:32,13.82,Elland Road Park and Ride,APT 7kW Dual Outlet
1768440,User 143,70207,2,21/06/2016,08:56,21/06/2016,17:28,6.35,Elland Road Park and Ride,APT 7kW Dual Outlet
1769546,User 622,70200,1,21/06/2016,16:33,22/06/2016,08:04,14.72,Woodhouse Lane Car Park,APT 7kW Dual Outlet
1769558,User 614,70201,1,21/06/2016,16:38,21/06/2016,16:43,0.25,Woodhouse Lane Car Park,APT 7kW Dual Outlet
1769559,User 619,70202,1,21/06/2016,16:39,22/06/2016,08:03,6.13,Woodhouse Lane Car Park,APT 7kW Dual Outlet
1769567,User 614,70201,1,21/06/2016,16:44,22/06/2016,08:27,19.4,Woodhouse Lane Car Park,APT 7kW Dual Outlet
1769592,User 148,70200,2,21/06/2016,16:51,22/06/2016,08:14,19.61,Woodhouse Lane Car Park,APT 7kW Dual Outlet
1769725,User 621,70202,2,21/06/2016,18:30,22/06/2016,20:25,7.29,Woodhouse Lane Car Park,APT 7kW Dual Outlet
1769727,User 616,70203,1,21/06/2016,18:34,22/06/2016,08:05,0,Woodhouse Lane Car Park,APT 7kW Dual Outlet
1769733,User 615,70203,2,21/06/2016,18:37,21/06/2016,22:05,0,Woodhouse Lane Car Park,APT 7kW Dual Outlet
1770083,User 152,70203,2,21/06/2016,22:08,22/06/2016,08:04,0,Woodhouse Lane Car Park,APT 7kW Dual Outlet
1770442,User 163,70203,2,22/06/2016,08:14,22/06/2016,19:11,0,Woodhouse Lane Car Park,APT 7kW Dual Outlet
1770583,User 143,70207,2,22/06/2016,09:00,22/06/2016,16:35,6.28,Elland Road Park and Ride,APT 7kW Dual Outlet
1771656,User 619,70201,1,22/06/2016,16:39,23/06/2016,09:32,15.23,Woodhouse Lane Car Park,APT 7kW Dual Outlet
1772142,User 615,70203,1,22/06/2016,20:20,22/06/2016,20:21,0,Woodhouse Lane Car Park,APT 7kW Dual Outlet
1772149,User 614,70202,1,22/06/2016,20:30,23/06/2016,18:02,12.77,Woodhouse Lane Car Park,APT 7kW Dual Outlet
1772154,User 618,70201,2,22/06/2016,20:34,23/06/2016,08:06,8.41,Woodhouse Lane Car Park,APT 7kW Dual Outlet
1772158,User 612,70200,2,22/06/2016,20:39,23/06/2016,08:22,6.98,Woodhouse Lane Car Park,APT 7kW Dual Outlet
1772159,User 622,70200,1,22/06/2016,20:42,23/06/2016,08:06,12.85,Woodhouse Lane Car Park,APT 7kW Dual Outlet
1772165,User 616,70202,2,22/06/2016,20:45,23/06/2016,18:02,8.94,Woodhouse Lane Car Park,APT 7kW Dual Outlet
1772176,User 613,70203,1,22/06/2016,20:54,23/06/2016,08:06,0,Woodhouse Lane Car Park,APT 7kW Dual Outlet
1772372,User 85,70203,2,23/06/2016,06:50,23/06/2016,11:16,0,Woodhouse Lane Car Park,APT 7kW Dual Outlet
1772567,User 652,70205,1,23/06/2016,07:59,23/06/2016,18:16,13.3,Elland Road Park and Ride,APT 7kW Dual Outlet
1772845,User 644,70206,1,23/06/2016,10:03,23/06/2016,18:50,16.26,Elland Road Park and Ride,APT 7kW Dual Outlet
1773113,User 36,70201,1,23/06/2016,13:01,23/06/2016,15:27,8.53,Woodhouse Lane Car Park,APT 7kW Dual Outlet
1773594,User 624,70203,1,23/06/2016,15:22,23/06/2016,15:32,0,Woodhouse Lane Car Park,APT 7kW Dual Outlet
1773701,User 619,70201,1,23/06/2016,16:24,23/06/2016,21:07,9.37,Woodhouse Lane Car Park,APT 7kW Dual Outlet
1773714,User 622,70203,1,23/06/2016,16:32,23/06/2016,21:41,0,Woodhouse Lane Car Park,APT 7kW Dual Outlet
1773789,User 624,70200,2,23/06/2016,17:20,24/06/2016,08:02,11.67,Woodhouse Lane Car Park,APT 7kW Dual Outlet
1773852,User 621,70202,1,23/06/2016,18:09,23/06/2016,21:01,0.21,Woodhouse Lane Car Park,APT 7kW Dual Outlet
1773860,User 613,70201,2,23/06/2016,18:18,24/06/2016,19:31,8.84,Woodhouse Lane Car Park,APT 7kW Dual Outlet
1773864,User 615,70203,2,23/06/2016,18:22,24/06/2016,08:19,0,Woodhouse Lane Car Park,APT 7kW Dual Outlet
1773870,User 612,70202,2,23/06/2016,18:25,23/06/2016,22:04,13.15,Woodhouse Lane Car Park,APT 7kW Dual Outlet
1774231,User 148,70200,1,23/06/2016,21:22,24/06/2016,19:43,18.9,Woodhouse Lane Car Park,APT 7kW Dual Outlet
1774401,User 164,70201,1,24/06/2016,06:38,24/06/2016,14:44,7.32,Woodhouse Lane Car Park,APT 7kW Dual Outlet
1774422,User 84,70202,2,24/06/2016,06:57,24/06/2016,12:25,13.23,Woodhouse Lane Car Park,APT 7kW Dual Outlet
1774743,User 143,70207,2,24/06/2016,09:02,24/06/2016,16:49,3.12,Elland Road Park and Ride,APT 7kW Dual Outlet
1775780,User 619,70201,1,24/06/2016,16:27,24/06/2016,19:19,10.34,Woodhouse Lane Car Park,APT 7kW Dual Outlet
1775788,User 616,70203,2,24/06/2016,16:36,24/06/2016,19:27,0,Woodhouse Lane Car Park,APT 7kW Dual Outlet
1776207,User 621,70203,2,24/06/2016,19:30,25/06/2016,08:07,0,Woodhouse Lane Car Park,APT 7kW Dual Outlet
1776208,User 613,70202,2,24/06/2016,19:31,25/06/2016,08:01,0.23,Woodhouse Lane Car Park,APT 7kW Dual Outlet
1776209,User 624,70202,1,24/06/2016,19:35,25/06/2016,08:17,13.92,Woodhouse Lane Car Park,APT 7kW Dual Outlet
1776214,User 622,70201,2,24/06/2016,19:40,25/06/2016,18:29,9.91,Woodhouse Lane Car Park,APT 7kW Dual Outlet
1776224,User 615,70201,1,24/06/2016,19:48,25/06/2016,08:12,8.86,Woodhouse Lane Car Park,APT 7kW Dual Outlet
1776226,User 612,70200,2,24/06/2016,19:51,25/06/2016,08:08,8.17,Woodhouse Lane Car Park,APT 7kW Dual Outlet
1776229,User 614,70200,1,24/06/2016,19:56,25/06/2016,08:06,5.19,Woodhouse Lane Car Park,APT 7kW Dual Outlet
1777246,User 644,70206,1,25/06/2016,15:55,25/06/2016,17:54,8.89,Elland Road Park and Ride,APT 7kW Dual Outlet
1777251,User 64,70207,1,25/06/2016,16:04,25/06/2016,19:00,11.45,Elland Road Park and Ride,APT 7kW Dual Outlet
1777288,User 618,70203,2,25/06/2016,16:34,26/06/2016,17:17,0,Woodhouse Lane Car Park,APT 7kW Dual Outlet
1777387,User 613,70200,1,25/06/2016,18:38,26/06/2016,17:33,9.58,Woodhouse Lane Car Park,APT 7kW Dual Outlet
1777392,User 615,70200,2,25/06/2016,18:45,26/06/2016,17:37,7.17,Woodhouse Lane Car Park,APT 7kW Dual Outlet
1777400,User 614,70201,1,25/06/2016,18:51,26/06/2016,17:30,6.18,Woodhouse Lane Car Park,APT 7kW Dual Outlet
1777407,User 616,70201,2,25/06/2016,18:57,26/06/2016,17:27,15.18,Woodhouse Lane Car Park,APT 7kW Dual Outlet
1777467,User 612,70202,1,25/06/2016,19:01,26/06/2016,17:24,1.03,Woodhouse Lane Car Park,APT 7kW Dual Outlet
1777569,User 624,70202,2,25/06/2016,19:10,26/06/2016,17:20,5.45,Woodhouse Lane Car Park,APT 7kW Dual Outlet
1778523,User 619,70202,1,26/06/2016,17:44,27/06/2016,09:23,3.71,Woodhouse Lane Car Park,APT 7kW Dual Outlet
1778534,User 621,70202,2,26/06/2016,17:49,27/06/2016,09:04,5.87,Woodhouse Lane Car Park,APT 7kW Dual Outlet
1778910,User 148,70203,2,27/06/2016,06:50,27/06/2016,13:39,0,Woodhouse Lane Car Park,APT 7kW Dual Outlet
1779061,User 643,70205,2,27/06/2016,08:04,27/06/2016,17:52,12.55,Elland Road Park and Ride,APT 7kW Dual Outlet
1779216,User 143,70207,2,27/06/2016,09:02,27/06/2016,15:22,2.24,Elland Road Park and Ride,APT 7kW Dual Outlet
1780242,User 616,70200,2,27/06/2016,16:36,28/06/2016,08:11,13.01,Woodhouse Lane Car Park,APT 7kW Dual Outlet
1780244,User 622,70203,2,27/06/2016,16:36,28/06/2016,09:32,0,Woodhouse Lane Car Park,APT 7kW Dual Outlet
1780370,User 619,70200,1,27/06/2016,17:52,28/06/2016,09:33,10.8,Woodhouse Lane Car Park,APT 7kW Dual Outlet
1780407,User 616,70203,1,27/06/2016,18:20,28/06/2016,08:40,0,Woodhouse Lane Car Park,APT 7kW Dual Outlet
1780410,User 619,70202,2,27/06/2016,18:23,28/06/2016,09:36,12.32,Woodhouse Lane Car Park,APT 7kW Dual Outlet
1780419,User 619,70201,1,27/06/2016,18:32,28/06/2016,08:38,12.69,Woodhouse Lane Car Park,APT 7kW Dual Outlet
1781119,User 143,70207,2,28/06/2016,09:00,28/06/2016,17:04,7.56,Elland Road Park and Ride,APT 7kW Dual Outlet
1782093,User 617,70201,1,28/06/2016,16:35,28/06/2016,20:54,11.61,Woodhouse Lane Car Park,APT 7kW Dual Outlet
1782097,User 624,70201,2,28/06/2016,16:40,29/06/2016,08:03,13.42,Woodhouse Lane Car Park,APT 7kW Dual Outlet
1782098,User 614,70203,1,28/06/2016,16:41,29/06/2016,19:44,0,Woodhouse Lane Car Park,APT 7kW Dual Outlet
1782118,User 618,70202,1,28/06/2016,16:53,28/06/2016,20:57,10.2,Woodhouse Lane Car Park,APT 7kW Dual Outlet
1782213,User 623,70203,2,28/06/2016,17:48,29/06/2016,08:09,0,Woodhouse Lane Car Park,APT 7kW Dual Outlet
1782216,User 620,70200,1,28/06/2016,17:50,29/06/2016,08:03,12.94,Woodhouse Lane Car Park,APT 7kW Dual Outlet
1782251,User 612,70200,2,28/06/2016,18:19,29/06/2016,08:08,8.78,Woodhouse Lane Car Park,APT 7kW Dual Outlet
1782566,User 613,70201,1,28/06/2016,21:06,29/06/2016,08:09,13.67,Woodhouse Lane Car Park,APT 7kW Dual Outlet
1782769,User 106,70202,2,29/06/2016,07:17,29/06/2016,17:58,4.13,Woodhouse Lane Car Park,APT 7kW Dual Outlet
1782844,User 643,70205,2,29/06/2016,08:04,29/06/2016,17:14,14.67,Elland Road Park and Ride,APT 7kW Dual Outlet
1783092,User 143,70207,2,29/06/2016,09:55,29/06/2016,16:13,3.73,Elland Road Park and Ride,APT 7kW Dual Outlet
1784001,User 623,70200,1,29/06/2016,16:30,30/06/2016,08:11,18.56,Woodhouse Lane Car Park,APT 7kW Dual Outlet
1784002,User 615,70201,1,29/06/2016,16:30,30/06/2016,08:08,17.28,Woodhouse Lane Car Park,APT 7kW Dual Outlet
1784014,User 617,70200,2,29/06/2016,16:37,29/06/2016,19:59,12.21,Woodhouse Lane Car Park,APT 7kW Dual Outlet
1784025,User 620,70202,1,29/06/2016,16:46,30/06/2016,08:14,14.49,Woodhouse Lane Car Park,APT 7kW Dual Outlet
1784431,User 613,70203,1,29/06/2016,19:49,30/06/2016,08:52,0,Woodhouse Lane Car Park,APT 7kW Dual Outlet
1784436,User 618,70203,2,29/06/2016,19:52,30/06/2016,08:12,0,Woodhouse Lane Car Park,APT 7kW Dual Outlet
1784450,User 612,70200,2,29/06/2016,20:05,30/06/2016,08:14,17.24,Woodhouse Lane Car Park,APT 7kW Dual Outlet
1784455,User 624,70201,2,29/06/2016,20:11,30/06/2016,08:13,13.12,Woodhouse Lane Car Park,APT 7kW Dual Outlet
1784460,User 621,70202,2,29/06/2016,20:14,30/06/2016,07:58,4.45,Woodhouse Lane Car Park,APT 7kW Dual Outlet
1784751,User 645,70208,1,30/06/2016,07:59,30/06/2016,16:58,4.94,Elland Road Park and Ride,APT 7kW Dual Outlet
1784883,User 85,70203,2,30/06/2016,08:51,30/06/2016,15:20,0,Woodhouse Lane Car Park,APT 7kW Dual Outlet
1784915,User 143,70207,2,30/06/2016,09:05,30/06/2016,17:58,6.83,Elland Road Park and Ride,APT 7kW Dual Outlet
1785164,User 617,70203,1,30/06/2016,11:35,30/06/2016,18:56,0,Woodhouse Lane Car Park,APT 7kW Dual Outlet
1785952,User 615,70203,2,30/06/2016,16:36,30/06/2016,16:40,0,Woodhouse Lane Car Park,APT 7kW Dual Outlet
1785962,User 615,70203,2,30/06/2016,16:43,30/06/2016,21:53,0,Woodhouse Lane Car Park,APT 7kW Dual Outlet
1786113,User 618,70200,2,30/06/2016,18:49,01/07/2016,08:02,9.68,Woodhouse Lane Car Park,APT 7kW Dual Outlet
1786116,User 621,70200,1,30/06/2016,18:52,01/07/2016,22:10,11.06,Woodhouse Lane Car Park,APT 7kW Dual Outlet
1786122,User 613,70201,1,30/06/2016,18:55,01/07/2016,08:09,9.06,Woodhouse Lane Car Park,APT 7kW Dual Outlet
1786176,User 612,70202,2,30/06/2016,19:01,01/07/2016,07:08,7.84,Woodhouse Lane Car Park,APT 7kW Dual Outlet
1786299,User 614,70202,1,30/06/2016,19:05,01/07/2016,22:25,10.7,Woodhouse Lane Car Park,APT 7kW Dual Outlet
1786304,User 620,70203,1,30/06/2016,19:09,30/06/2016,22:03,0,Woodhouse Lane Car Park,APT 7kW Dual Outlet
1786418,User 623,70203,2,30/06/2016,22:02,01/07/2016,09:16,0,Woodhouse Lane Car Park,APT 7kW Dual Outlet
